{"populationSize":250,"crossoverRate":69,"mutationRate":20,"elists":0,"bestVisibility":[0.9862579,0.987315,0.9894292,0.9852008,0.990486264,0.9883721,0.9894292,0.987315,0.9883721,0.992600441,0.9894292,0.9883721,0.990486264,0.9883721,0.9883721,0.990486264,0.992600441,0.9894292,0.9894292,0.9894292,0.9894292,0.9862579,0.9894292,0.9883721,0.987315,0.9883721,0.9883721,0.987315,0.9852008,0.9883721,0.984143734,0.9883721,0.9862579,0.991543353,0.990486264,0.990486264,0.9894292,0.991543353,0.9894292,0.990486264,0.990486264,0.9883721,0.9894292,0.9852008,0.9830867,0.9830867,0.990486264,0.984143734,0.992600441,0.9862579,0.9862579,0.992600441,0.9894292,0.990486264,0.992600441,0.990486264,0.991543353,0.9862579,0.987315,0.990486264,0.9894292,0.9894292,0.9883721,0.9883721,0.990486264,0.991543353,0.9862579,0.991543353,0.990486264,0.991543353,0.9936575,0.9894292,0.9894292,0.992600441,0.9894292,0.9883721,0.9894292,0.9894292,0.984143734,0.9852008,0.992600441,0.9883721,0.987315,0.9883721,0.9894292,0.990486264,0.9862579,0.990486264,0.9883721,0.9862579,0.9894292,0.991543353,0.990486264,0.990486264,0.990486264,0.9862579,0.9894292,0.9883721,0.9883721,0.9852008,0.990486264,0.991543353,0.9883721,0.984143734,0.9862579,0.9883721,0.9894292,0.9936575,0.9894292,0.9862579,0.992600441,0.9862579,0.9894292,0.9936575,0.994714558,0.9894292,0.990486264,0.9883721,0.987315,0.987315,0.987315,0.9883721,0.987315,0.9894292,0.9894292,0.9883721,0.9862579,0.9894292,0.987315,0.9862579],"bestFitness":[0.968187869,0.967372358,0.966980934,0.965908,0.968640864,0.9684142,0.968218,0.967372358,0.9665581,0.9663964,0.967599332,0.965322435,0.9667857,0.9684142,0.9677952,0.968022168,0.9676314,0.966980934,0.967599332,0.970696151,0.967599332,0.9669495,0.967599332,0.9684142,0.9686107,0.9677952,0.969033539,0.966753662,0.964671552,0.9684142,0.9679619,0.969033539,0.9675685,0.966590941,0.967403769,0.967403769,0.968218,0.9696827,0.9663629,0.968022168,0.967403769,0.965940058,0.968218,0.967765033,0.966919363,0.9644439,0.9667857,0.96920234,0.968867838,0.968187869,0.9675685,0.968867838,0.968218,0.967403769,0.96824944,0.968022168,0.968445,0.9663308,0.9686107,0.968640864,0.967599332,0.9663629,0.9665581,0.9684142,0.967403769,0.968445,0.9663308,0.967208564,0.967403769,0.970302045,0.9686723,0.9663629,0.967599332,0.9676314,0.9663629,0.9677952,0.966980934,0.968218,0.966103852,0.9671457,0.96824944,0.969033539,0.967372358,0.9677952,0.968837,0.968640864,0.9675685,0.968640864,0.969653249,0.9657124,0.967599332,0.968445,0.968640864,0.9661681,0.968022168,0.9663308,0.9651279,0.969033539,0.969033539,0.9665267,0.9661681,0.9690637,0.964088,0.9673422,0.9669495,0.9671765,0.966980934,0.9686723,0.966980934,0.9663308,0.9670138,0.9675685,0.968218,0.9686723,0.9678594,0.968218,0.9667857,0.96470505,0.9686107,0.966135263,0.967372358,0.9677952,0.967991352,0.9657453,0.967599332,0.965322435,0.9675685,0.967599332,0.966753662,0.9663308],"bestLocations":[42,44,46,45,44,43,44,44,46,49,45,48,47,43,44,45,47,46,45,40,45,44,45,43,42,44,42,45,47,43,41,42,43,48,46,46,44,43,47,45,46,47,44,42,42,46,47,39,45,42,43,45,44,46,46,45,45,45,42,44,45,47,46,43,46,45,45,47,46,42,46,47,45,47,47,44,46,44,44,43,46,42,44,44,43,44,43,44,41,46,45,45,44,48,45,45,49,42,42,44,48,44,50,42,44,45,46,46,46,45,48,43,44,46,48,44,47,49,42,46,44,44,43,48,45,48,43,45,45,45],"averageLocations":[48.852,48.444,48.936,51.516,48.308,48.352,47.832,50.716,50.668,51.26,50.888,54.852,52.948,46.288,50.484,48.692,48.024,50.152,50.072,46.98,49.908,48.732,49.044,46.328,50.04,47.004,46.756,51.36,51.092,48.504,47.464,49.44,48.672,50.504,49.588,47.22,49.516,46.912,50.744,50.656,47.164,51.752,50.444,47.312,48.348,49.828,51.228,45.376,49.348,47.376,47.228,49.82,47.932,48.952,50.46,48.452,48.748,47.504,46.956,46.376,50.16,51.78,50.072,49.684,48.908,47.712,51.204,50.576,49.336,47.0,49.824,48.772,47.692,51.468,50.276,46.488,51.228,49.288,48.804,47.652,48.324,48.268,49.148,47.596,47.476,47.684,49.332,48.164,44.524,49.664,49.296,49.248,49.788,52.404,50.332,46.576,51.268,46.884,47.796,47.54,50.672,46.888,53.076,46.8,49.088,48.06,50.364,49.748,49.28,47.984,51.22,48.908,48.376,51.652,49.712,48.792,51.576,52.668,48.632,47.512,48.932,50.756,47.432,53.532,48.904,49.792,47.644,48.548,50.08,50.052],"averageFitness":[0.960125864,0.9611728,0.961061656,0.959582865,0.9613094,0.9610657,0.9615348,0.9607553,0.9593863,0.9604316,0.9600457,0.9588251,0.959933341,0.9609595,0.960992932,0.961693048,0.9613136,0.9598225,0.959878445,0.9631242,0.9613843,0.9596049,0.9601933,0.961069643,0.960039437,0.960468769,0.9616913,0.9597884,0.958106637,0.9603005,0.9600528,0.9610201,0.959721565,0.960190654,0.960123539,0.9605647,0.960565567,0.9621021,0.9608223,0.9610289,0.961080432,0.959422,0.9619449,0.9612868,0.9599689,0.9556209,0.9595941,0.960751534,0.9619513,0.9618847,0.9611507,0.961729,0.961715639,0.959951043,0.9617944,0.9609381,0.961626232,0.96054554,0.9600775,0.961825848,0.9604823,0.9603109,0.9608734,0.960661232,0.9608473,0.960841358,0.959979236,0.960508943,0.9602518,0.9620551,0.961871147,0.9600715,0.9603737,0.9604608,0.9598058,0.9606539,0.9607866,0.960189641,0.9593369,0.9606114,0.960942268,0.9611528,0.960675061,0.961629033,0.9607443,0.9621409,0.9607212,0.96001476,0.962299645,0.9602271,0.9612224,0.961539447,0.9614312,0.9590299,0.9612717,0.9602072,0.958906531,0.961928546,0.961294,0.9596783,0.95937866,0.9601026,0.958283246,0.9600695,0.960151136,0.9613017,0.960936964,0.9621205,0.9595575,0.959896,0.960454941,0.960358441,0.961284161,0.961367667,0.960554063,0.9595276,0.9598293,0.9585211,0.961977065,0.959701955,0.9603722,0.960654438,0.961361349,0.9586092,0.9604994,0.9585009,0.9608467,0.9603559,0.9601094,0.9605377],"averageVisibility":[0.976693332,0.9786803,0.9791627,0.979441941,0.97881186,0.9782709,0.9786386,0.981141269,0.9776447,0.98117137,0.9796322,0.982685149,0.9825245,0.9748158,0.981378138,0.980363965,0.9783848,0.9779409,0.977957249,0.981298447,0.9814674,0.9752051,0.9771589,0.9751543,0.9783088,0.9746975,0.9773697,0.9797168,0.9750994,0.9765919,0.9743681,0.979835033,0.975403547,0.979403734,0.9778227,0.975273,0.978816,0.9786382,0.981352746,0.9817332,0.976473451,0.9794037,0.983695447,0.9772173,0.9755221,0.966934144,0.9790274,0.9728881,0.9820206,0.978811562,0.976748049,0.982194662,0.979247749,0.976410031,0.9833446,0.9781059,0.98028326,0.9756617,0.973644853,0.9771208,0.979602635,0.981669664,0.980443835,0.979314744,0.978583455,0.976722956,0.979953468,0.9803084,0.977754831,0.978655159,0.9825539,0.9764355,0.975522339,0.981564462,0.978088856,0.974363148,0.9820085,0.977525949,0.9746472,0.976054966,0.97792,0.978359342,0.9785242,0.9785116,0.9761148,0.9799282,0.97892195,0.9753531,0.9754417,0.9781988,0.980118,0.9808368,0.9813996,0.979428947,0.9818392,0.9733824,0.97737,0.978161,0.977983356,0.9735473,0.9776323,0.9736027,0.9785958,0.9733824,0.977120638,0.978410244,0.9810525,0.9830613,0.9759324,0.974777937,0.9811668,0.9773614,0.978853643,0.984114051,0.979090631,0.9751033,0.980152547,0.978561938,0.9809809,0.973564446,0.977433264,0.9809514,0.9775896,0.98011446,0.97770834,0.97408,0.976630449,0.9767991,0.978545547,0.979572952],"generations":[4615,2831,2717,2541,5180,4512,5053,2332,3615,2457,2875,2336,3875,4129,3189,3784,3583,2065,4201,6456,3999,3378,3963,5050,5010,3676,5538,2986,1732,6096,3073,5592,3622,5178,4692,4756,4936,6939,2337,4431,3285,2240,2628,3670,2658,2456,3149,5285,4318,5296,4246,3131,5585,2128,4741,3530,6271,2101,5851,5104,2893,3590,2955,3613,3911,5058,2785,4424,4907,7173,3602,2687,4837,3635,4096,3648,2954,5138,2697,2801,5303,7988,4284,4497,5068,4549,3685,6164,7198,2754,4284,3789,4308,2354,3784,3362,1949,5415,5664,2557,2371,5140,2855,5010,3282,4067,2731,5099,4479,2315,4072,2941,6263,4200,3780,3475,2334,1807,5111,3372,5408,3500,3324,3743,4744,1680,3611,4629,3404,3142],"standardDeviation":[]}