{"populationSize":250,"crossoverRate":60,"mutationRate":10,"elists":0,"bestVisibility":[0.9957672,0.9989418,0.9968254,0.9968254,0.9978836,0.9989418,0.9968254,0.994709,1.0,0.9989418,0.9968254,0.9957672,0.9957672,0.9978836,0.9968254,0.9957672,0.9936508,0.9957672,0.9968254,0.9989418,0.994709,0.9968254,0.9968254,0.9936508,0.9968254,0.9978836,0.9936508,0.9957672,0.9968254,0.9957672,0.9968254,0.9968254,0.9968254,0.9968254,0.9957672,0.9978836,0.9957672,0.9925926,0.9968254,0.9968254,0.9968254,0.9968254,0.9968254,0.9968254,0.9978836,0.9936508,0.9978836,0.994709,0.9957672,0.994709,0.9968254,0.9968254,0.9968254,0.9978836,0.9968254,0.9968254,0.9957672,0.9978836,0.9968254,0.994709,0.9957672,0.9989418,0.994709,0.9968254,0.9968254,0.9968254,0.994709,0.9968254,0.9978836,0.9968254,0.9957672,0.9968254,0.9968254,0.9968254,0.9978836,0.9968254,0.994709,0.994709,0.994709,0.9968254,0.9957672,0.994709,0.994709,0.9968254,0.9978836,0.9957672,0.9957672,0.9978836,0.9936508,0.9978836,0.9989418,0.9957672,0.9978836,0.994709,0.9978836,0.9957672,0.9978836,0.9989418,0.9957672,0.9968254],"bestFitness":[0.9708054,0.970340967,0.9708211,0.972362041,0.972377241,0.9723927,0.97184813,0.9707899,0.9729218,0.970853448,0.9728762,0.9723471,0.9733763,0.9708371,0.9708211,0.9723471,0.972318053,0.970292,0.9708211,0.9723927,0.9723325,0.97184813,0.971334457,0.9712889,0.97184813,0.9713502,0.9707747,0.970292,0.97184813,0.9708054,0.971334457,0.9728762,0.9728762,0.972362041,0.9708054,0.9708371,0.9723471,0.970759749,0.971334457,0.971334457,0.97184813,0.9708211,0.970308065,0.97184813,0.9703244,0.9712889,0.9718636,0.9707899,0.9718329,0.9723325,0.97184813,0.970308065,0.9733907,0.9718636,0.9728762,0.9708211,0.9728615,0.9718636,0.972362041,0.9707899,0.9718329,0.9734202,0.9702763,0.97184813,0.972362041,0.971334457,0.971818,0.972362041,0.9713502,0.9728762,0.9723471,0.972362041,0.971334457,0.97184813,0.972377241,0.969282746,0.969249845,0.9713038,0.9713038,0.971334457,0.9733763,0.9723325,0.968737066,0.97184813,0.972377241,0.971319,0.9697789,0.9718636,0.970260859,0.9713502,0.971879244,0.9723471,0.9734053,0.969249845,0.9713502,0.971319,0.9728911,0.9713662,0.968753636,0.9728762],"bestLocations":[52,56,53,50,51,52,51,51,52,55,49,49,47,54,53,49,47,53,53,52,48,51,52,49,51,53,50,53,51,52,52,49,49,50,52,54,49,49,52,52,51,53,54,51,55,49,52,51,50,48,51,54,48,52,49,53,48,52,50,51,50,50,52,51,50,52,49,50,53,49,49,50,52,51,51,56,54,50,50,52,47,48,55,51,51,51,54,52,51,53,53,49,49,54,53,51,50,54,56,49],"averageLocations":[58.904,60.876,59.664,56.608,55.884,58.328,55.092,57.5,58.952,58.564,56.272,55.184,53.084,59.904,59.312,58.428,57.2,59.832,59.452,57.956,58.42,55.372,56.908,57.232,56.852,57.308,56.528,61.332,58.008,58.78,60.976,56.872,57.592,56.536,60.536,59.76,55.172,56.332,56.664,57.816,59.912,58.232,60.32,55.22,58.32,57.164,55.604,59.704,58.568,55.404,55.2,57.444,53.912,55.748,56.548,59.244,57.772,60.608,59.072,59.404,57.636,56.18,57.236,58.74,54.796,59.724,56.136,57.468,56.752,56.124,57.592,59.152,58.764,58.488,57.376,59.468,59.992,57.048,56.536,58.928,55.992,54.76,62.992,58.096,56.6,60.46,56.704,60.556,57.676,59.988,60.668,58.628,55.28,58.52,59.168,55.48,58.712,56.332,63.8,54.536],"averageFitness":[0.9630349,0.9625014,0.9624905,0.9648793,0.9649413,0.9645667,0.964008,0.9632776,0.9645111,0.9628627,0.965487242,0.9647218,0.9653995,0.963611543,0.963620961,0.9643071,0.9648075,0.9634603,0.9631484,0.9646714,0.962045133,0.9625327,0.9638775,0.963073969,0.96540606,0.9635267,0.963726461,0.962659538,0.9648173,0.9633822,0.9639843,0.9632707,0.964942455,0.963389933,0.9634874,0.9637701,0.965797544,0.96385473,0.964617968,0.9635481,0.9635776,0.962841749,0.9615962,0.9637049,0.9641892,0.9633801,0.9637706,0.9629645,0.964530349,0.964888632,0.9643987,0.964213967,0.9657279,0.963131845,0.964317441,0.963483453,0.9639321,0.963897169,0.9638004,0.96309036,0.964640737,0.96397537,0.9623417,0.9640277,0.9637874,0.961862564,0.964047968,0.963992,0.9652347,0.9651884,0.9627484,0.9631688,0.9636102,0.9640104,0.9643045,0.963127553,0.9634673,0.9636824,0.962674856,0.9631674,0.9648814,0.964827538,0.960980833,0.9641557,0.965417266,0.961442232,0.9632552,0.963809669,0.9630158,0.963183463,0.9641331,0.9653246,0.966285646,0.9616426,0.963276863,0.9632353,0.9637812,0.963742554,0.961721539,0.963949263],"averageVisibility":[0.9873012,0.9882493,0.9869877,0.9886392,0.988020539,0.9897737,0.985341847,0.986349046,0.9903026,0.9866069,0.989510655,0.986865163,0.9860656,0.9894769,0.988888562,0.9893586,0.989100158,0.98909986,0.98808825,0.9896044,0.9848246,0.982679,0.9869412,0.9856674,0.989942849,0.986649334,0.98625195,0.9890325,0.98994714,0.987868369,0.9913188,0.9856931,0.989773154,0.9855871,0.989874363,0.9896465,0.989002764,0.986306369,0.988173068,0.9872118,0.9894174,0.986225545,0.985870957,0.984867156,0.9890116,0.986209333,0.9853922,0.987978458,0.989947259,0.987423658,0.9862343,0.988164067,0.9875724,0.984262168,0.9874532,0.9885459,0.9879364,0.9907678,0.9890027,0.987923563,0.9892142,0.9863913,0.984206736,0.989116967,0.98459667,0.9857946,0.9864925,0.9877458,0.9894978,0.988761,0.985383868,0.987821639,0.9883088,0.9888253,0.988274455,0.988063455,0.98927784,0.9866958,0.98415637,0.987588644,0.9880122,0.9866405,0.9873693,0.988715,0.9897055,0.9857054,0.9854899,0.9905395,0.9860061,0.9887064,0.9913018,0.9915977,0.9900907,0.9841223,0.9880542,0.9841947,0.988596141,0.986082,0.9896761,0.9846562],"generations":[3059,2823,3704,4562,3941,4668,3582,2208,6444,2627,3415,4039,4384,2588,2395,4552,2353,3259,3335,5224,2753,4013,3813,2667,3603,2263,2427,1935,3411,2277,3612,5979,4047,6042,3375,3243,3790,3685,3489,3031,2949,2268,3296,2772,3685,2650,4328,3398,3519,4623,4764,2158,4715,3958,5196,3045,4442,2621,4752,3789,3329,5569,3409,4228,4561,3278,4911,2920,3399,4618,3837,2556,4290,2902,4174,2670,2101,2942,4599,2210,4465,4964,1885,4015,3535,3130,2883,3487,3327,2996,3347,4651,5391,3181,3568,2830,6866,2140,2289,6067],"standardDeviation":[]}