{"populationSize":250,"crossoverRate":60,"mutationRate":30,"elists":0,"bestVisibility":[0.9989429,0.9989429,0.996828735,0.996828735,0.9978858,0.9989429,0.9989429,0.9989429,0.9978858,0.9978858,1.0,0.996828735,0.9978858,0.996828735,0.996828735,1.0,0.9989429,0.996828735,0.9978858,0.9978858,0.9989429,1.0,0.9989429,0.996828735,0.9989429,0.9989429,0.9978858,0.9989429,0.9978858,0.9989429,0.9989429,0.9978858,0.9978858,0.996828735,0.9978858,1.0,1.0,0.996828735,0.9989429,0.996828735,0.9978858,0.9989429,0.996828735,0.9978858,0.9989429,0.9978858,0.9978858,0.9989429,0.9989429,0.9978858,0.9989429,0.9989429,1.0,0.9978858,0.9989429,0.9989429,0.9978858,1.0,0.9978858,0.9978858,0.995771646,0.9978858,0.9989429,0.9978858,0.9978858,1.0,1.0,1.0,0.996828735,0.9978858,1.0,0.9989429,1.0,0.9978858,0.9978858,0.9978858,0.9989429,0.9989429,0.996828735,0.9978858,0.9989429,0.995771646,0.9989429,0.9978858,1.0,1.0,1.0,0.9978858,0.995771646,0.996828735,0.9989429,0.9989429,1.0,0.9989429,0.9989429,0.9989429,1.0,0.9989429,0.9989429,0.9989429],"bestFitness":[0.969829261,0.970854044,0.970309734,0.9718498,0.971351266,0.9723933,0.9723933,0.9703415,0.97032547,0.9718647,0.9724084,0.9692844,0.97032547,0.970822752,0.97287786,0.971895337,0.971366763,0.97287786,0.969813,0.9723784,0.97187984,0.9729218,0.9723933,0.9692844,0.97187984,0.971366763,0.9723784,0.970854044,0.970838249,0.97187984,0.9729069,0.971351266,0.971351266,0.9692844,0.97032547,0.9734354,0.9729218,0.9718498,0.970854044,0.9718498,0.973406434,0.969829261,0.970822752,0.9723784,0.973420739,0.9718647,0.969300747,0.9729069,0.97187984,0.971351266,0.971366763,0.9703415,0.97087,0.971351266,0.970854044,0.97187984,0.9723784,0.9729218,0.971351266,0.969813,0.9708076,0.9728922,0.971366763,0.9718647,0.9682771,0.971382558,0.971895337,0.9698459,0.9713361,0.9682771,0.97087,0.970854044,0.9693342,0.970838249,0.9728922,0.971351266,0.971366763,0.971366763,0.970309734,0.9723784,0.9723933,0.973378539,0.9703415,0.970838249,0.971382558,0.97087,0.97087,0.9718647,0.971835136,0.9718498,0.97187984,0.971366763,0.971895337,0.970854044,0.970854044,0.9723933,0.971895337,0.971366763,0.970854044,0.971366763],"bestLocations":[57,55,54,51,53,52,52,56,55,52,53,56,55,53,49,54,54,49,56,51,53,52,52,56,53,54,51,55,54,53,51,53,53,56,55,51,52,51,55,51,49,57,53,51,50,52,57,51,53,53,54,56,56,53,55,53,51,52,53,56,52,50,54,52,59,55,54,58,52,59,56,55,59,54,50,53,54,54,54,51,52,47,56,54,55,56,56,52,50,51,53,54,54,55,55,52,54,54,55,54],"averageLocations":[59.932,57.284,56.892,55.86,55.672,54.28,52.852,55.832,55.988,54.512,53.836,56.804,56.76,56.192,53.168,55.152,55.18,53.676,55.496,54.388,57.348,52.84,56.16,58.632,54.104,57.924,53.464,55.032,54.42,58.288,53.96,54.14,54.592,55.684,57.112,53.476,54.976,54.724,55.488,53.672,52.54,59.78,54.776,54.228,52.116,54.6,61.868,53.268,54.352,55.944,55.76,57.076,56.36,54.528,57.664,54.76,54.196,55.764,55.792,59.524,53.68,53.196,55.804,52.244,61.016,56.888,54.552,57.34,54.736,59.4,58.432,57.776,58.528,55.928,51.836,54.656,56.7,54.156,56.764,53.044,53.804,52.02,56.072,56.104,57.284,57.596,58.472,54.88,53.832,54.18,52.3,55.212,56.324,57.412,55.6,51.92,54.544,55.304,55.152,55.408],"averageFitness":[0.9651283,0.966866434,0.965278268,0.966276348,0.967166,0.967545,0.9667285,0.9657433,0.965325,0.966517746,0.9674539,0.964740038,0.9661679,0.966357768,0.967699468,0.96666044,0.9663903,0.9676649,0.965699553,0.967158556,0.9671436,0.9684633,0.967423,0.9650381,0.9672234,0.966689,0.967410445,0.9658419,0.9668815,0.967063963,0.9684108,0.966985,0.9666814,0.9647369,0.9654216,0.9688499,0.9672794,0.96674484,0.9660483,0.9671643,0.9686119,0.9652062,0.9658885,0.966802061,0.9685675,0.9671403,0.9641945,0.9683196,0.966603637,0.966677368,0.9666241,0.966370165,0.9662848,0.967086852,0.9661965,0.9673291,0.967698455,0.9681983,0.9671546,0.9649611,0.966087043,0.9679697,0.9661824,0.967377,0.9635095,0.966477036,0.9674247,0.9651585,0.966855049,0.964187741,0.9656151,0.9660249,0.9645087,0.965685546,0.968132734,0.9676676,0.966114342,0.966890156,0.9651346,0.967919,0.9669756,0.968233049,0.966419637,0.9661095,0.9664881,0.9663392,0.9662779,0.967244,0.9667882,0.967174053,0.9666838,0.966429055,0.9675248,0.966633856,0.966445446,0.9677055,0.967169,0.966201842,0.965493858,0.9673518],"averageVisibility":[0.9925415,0.9933066,0.9897295,0.9906678,0.992253959,0.9915855,0.988486469,0.989573658,0.9888966,0.989767969,0.9909472,0.9885625,0.991374254,0.991171241,0.990752935,0.9907106,0.990199,0.991205037,0.9891417,0.990921855,0.9939281,0.9919457,0.99326843,0.991032,0.9907614,0.9936068,0.9904783,0.9889517,0.990402162,0.9947311,0.9929898,0.990321755,0.9901776,0.9874081,0.9902419,0.993370235,0.991767764,0.9904401,0.9898314,0.9901995,0.9919327,0.9925415,0.9887831,0.990046859,0.9914085,0.991104,0.9926517,0.992097437,0.9897765,0.9915565,0.9912601,0.9921011,0.991196752,0.9909219,0.9923553,0.9916452,0.9918057,0.994414449,0.992354751,0.991789,0.98805505,0.9913238,0.990423441,0.9891585,0.9904101,0.992123,0.991624236,0.9899496,0.990672648,0.99011445,0.991979,0.9921268,0.9898642,0.9895563,0.990254164,0.9922158,0.991205156,0.990148,0.989311159,0.991066,0.989958,0.9906432,0.9911715,0.9905839,0.992550135,0.992570758,0.9933447,0.991598547,0.9896112,0.990739942,0.9878311,0.9903092,0.9936404,0.9929726,0.9907401,0.9894845,0.9911036,0.9899499,0.988376,0.992355466],"generations":[2585,3912,3047,4132,5087,3637,8822,2556,3026,5351,7354,3005,4307,4197,3173,8428,1873,4351,3899,5001,4910,5220,5333,2622,4682,3259,6875,2903,3216,6207,8151,3989,3968,1862,3178,3622,8390,5819,2066,5222,3636,3115,2405,5218,7617,4498,1925,7678,6086,3943,4818,3214,3950,5234,4043,5383,5474,8511,3028,3376,2768,3725,3550,4324,3370,4098,5070,3054,4642,2254,5860,6191,3002,4931,5921,4894,3266,5841,2696,4802,4787,4143,2253,4875,3878,3331,3423,2813,4632,4559,5783,3790,4049,4021,4257,7254,5456,4218,3610,4174],"standardDeviation":[]}