{"populationSize":250,"crossoverRate":60,"mutationRate":20,"elists":0,"bestVisibility":[0.9978791,0.99469775,0.99469775,0.996818662,0.9978791,0.996818662,0.99469775,0.99469775,0.9978791,0.995758235,0.996818662,0.996818662,0.9978791,0.995758235,0.9978791,0.995758235,0.99469775,0.9978791,0.995758235,1.0,0.995758235,0.996818662,0.9978791,0.9978791,0.9978791,0.996818662,0.996818662,0.995758235,0.9978791,0.9978791,0.9978791,0.995758235,0.996818662,0.9989396,0.995758235,0.995758235,1.0,0.9978791,0.9978791,0.995758235,0.9978791,0.996818662,0.9989396,0.996818662,0.9978791,0.996818662,0.995758235,0.9936373,0.995758235,0.9989396],"bestFitness":[0.973403037,0.969244242,0.971812367,0.970304668,0.971861362,0.9733873,0.9723269,0.971812367,0.972375,0.9723426,0.972872853,0.973902,0.9739175,0.9728571,0.9728888,0.9728571,0.9723269,0.9713479,0.9708009,0.9724084,0.9728571,0.9718448,0.973403037,0.971861362,0.9728888,0.9733873,0.9718448,0.971828461,0.9728888,0.972375,0.9728888,0.9733718,0.9718448,0.9718782,0.9733718,0.971828461,0.971895337,0.971861362,0.973403037,0.9723426,0.9739175,0.9708177,0.9729052,0.9718448,0.971861362,0.972358644,0.971314549,0.972826362,0.971314549,0.9729052],"bestLocations":[49,54,49,54,52,48,48,49,51,49,49,47,48,48,50,48,48,53,52,53,48,51,49,52,50,48,51,50,50,51,50,47,51,53,47,50,54,52,49,49,48,53,51,51,52,50,51,46,51,51],"averageLocations":[55.788,59.352,54.192,56.716,54.176,56.108,53.94,57.116,55.62,55.608,54.728,53.248,53.2,56.904,55.068,54.728,54.94,58.732,57.6,55.792,55.784,55.632,54.376,53.94,57.452,54.024,54.512,53.628,56.132,58.66,54.632,53.092,55.84,58.756,55.912,57.768,58.16,57.072,53.724,56.616,51.76,58.228,56.288,56.488,55.652,56.168,55.564,52.544,58.404,56.64],"averageFitness":[0.966307461,0.9634251,0.9653059,0.9639851,0.9660865,0.9664089,0.966012836,0.9659754,0.966260135,0.9662067,0.965431631,0.9664204,0.9671166,0.9664804,0.965064645,0.966038764,0.9657646,0.965659261,0.9647051,0.9659602,0.9645561,0.965923369,0.965897262,0.964405358,0.965879738,0.966045141,0.966136158,0.965552568,0.9665746,0.96441555,0.9657041,0.9663944,0.9648751,0.9647605,0.966598153,0.9651158,0.9646328,0.9659702,0.9661379,0.9640928,0.9675534,0.96425873,0.9660874,0.965649843,0.9661379,0.96495086,0.964600265,0.965964854,0.964149356,0.965930164],"averageVisibility":[0.9906568,0.988540351,0.987017334,0.9869621,0.988561034,0.991187036,0.988171339,0.9913525,0.9903895,0.990270734,0.987819254,0.9882771,0.9896218,0.9921459,0.9874327,0.9890322,0.988701463,0.9923749,0.9893077,0.9899655,0.987148941,0.989728,0.988387644,0.9849556,0.991505265,0.9883239,0.9890066,0.986932456,0.9915435,0.9898128,0.988264561,0.9880647,0.9878444,0.9906017,0.991365254,0.9903007,0.989736557,0.9912976,0.9882006,0.9870766,0.989015341,0.9890576,0.990729153,0.9900589,0.990177631,0.98833245,0.987013161,0.9866441,0.9890194,0.9907757],"generations":[3761,1962,4817,2665,2448,4074,4679,4307,4536,3858,4984,6048,7720,3911,4313,2990,4518,2508,2842,4181,4866,2528,3712,5119,4515,4203,3730,3422,6713,3866,5295,4479,3419,3100,5475,2381,3978,4734,5431,2974,6906,5051,5552,2045,3967,4562,5003,6232,4808,3245],"standardDeviation":[]}