{"populationSize":250,"crossoverRate":60,"mutationRate":20,"elists":0,"bestVisibility":[0.996828735,0.9978858,0.9978858,0.9989429,0.9978858,0.9989429,0.9978858,0.995771646,0.996828735,0.995771646,0.996828735,0.9989429,0.996828735,0.9989429,0.9978858,0.996828735,0.996828735,0.995771646,0.9978858,0.9978858,0.9978858,0.9978858,0.9978858,0.9989429,0.9978858,0.9978858,0.9978858,0.994714558,0.995771646,0.9989429,0.996828735,0.9989429,0.9978858,1.0,0.996828735,0.9978858,0.9978858,0.996828735,0.9989429,0.9989429,0.9978858,0.9978858,0.9989429,0.996828735,0.996828735,0.9978858,0.9989429,0.9978858,0.996828735,0.995771646],"bestFitness":[0.973907053,0.9718647,0.9739209,0.973420739,0.9749506,0.973420739,0.9728922,0.9728638,0.9713361,0.9728638,0.973392367,0.9744494,0.9744221,0.974964142,0.9718647,0.97287786,0.973907053,0.971835136,0.9728922,0.9728922,0.9723784,0.9718647,0.973406434,0.974964142,0.974435568,0.973406434,0.973406434,0.972849965,0.973378539,0.973420739,0.973392367,0.9744494,0.9723784,0.971895337,0.97287786,0.973406434,0.9728922,0.97287786,0.973420739,0.9744494,0.973406434,0.97032547,0.973934948,0.9718498,0.9744221,0.9723784,0.9729069,0.973406434,0.97287786,0.9723493],"bestLocations":[47,52,48,50,46,50,50,48,52,48,48,48,46,47,52,49,47,50,50,50,51,52,49,47,47,49,49,47,47,50,48,48,51,54,49,49,50,49,50,48,49,55,49,51,46,51,51,49,49,49],"averageLocations":[54.28,57.5,53.856,54.9,51.692,53.784,55.32,52.36,58.764,55.604,55.032,54.924,54.584,51.572,57.616,54.28,52.832,55.724,54.252,53.976,55.548,56.04,56.008,52.96,56.316,55.616,55.3,53.572,54.248,53.696,54.888,54.464,58.512,56.328,55.592,56.336,54.372,55.812,54.62,53.892,54.552,59.92,55.14,54.988,53.144,56.88,54.996,53.128,56.764,55.612],"averageFitness":[0.9656302,0.9644942,0.9674782,0.9671429,0.9673258,0.9670285,0.966395,0.9665962,0.965045869,0.9656832,0.966874957,0.9666698,0.966598749,0.968539834,0.965540051,0.966869056,0.966831744,0.965813756,0.966369331,0.9671202,0.966203868,0.9664871,0.9668768,0.9685754,0.9667931,0.966839552,0.966678,0.9668896,0.966873,0.9663928,0.9664573,0.9677424,0.9649739,0.965948164,0.9666447,0.9664876,0.9670694,0.9658006,0.9665935,0.9667275,0.9661017,0.9642935,0.9679058,0.9661,0.9679565,0.965331733,0.967068553,0.9670798,0.9657695,0.9659286],"averageVisibility":[0.98775506,0.988782644,0.991015255,0.9914168,0.9884905,0.990042269,0.9903515,0.987716854,0.9911795,0.989218056,0.991015136,0.9904954,0.990004838,0.990794659,0.990993857,0.990233362,0.988672435,0.989603,0.989205062,0.990423262,0.9902031,0.991273165,0.9920207,0.9922914,0.992169738,0.9915434,0.9908965,0.9895478,0.9902076,0.9886809,0.990034,0.9921695,0.990778,0.9904904,0.991129,0.991577446,0.9907272,0.9896659,0.9900296,0.9895515,0.9889769,0.9908587,0.993188262,0.9894217,0.9912429,0.989822745,0.991366148,0.989471853,0.990579665,0.9897176],"generations":[4576,5404,3709,3229,3613,3677,4469,3658,3070,4691,2819,4640,3322,7040,2157,4842,4220,1978,3654,5758,2616,2806,2779,5280,5402,3103,4762,3512,3459,4566,3790,5095,3067,4166,5701,3548,2931,4434,3958,6233,5079,1782,2727,2306,3564,2834,4341,5725,2083,2454],"standardDeviation":[]}