{"populationSize":250,"crossoverRate":69,"mutationRate":20,"elists":0,"bestVisibility":[0.997894764,0.9989474,0.9989474,0.9968421,0.9968421,0.997894764,0.9989474,0.997894764,0.9968421,1.0],"bestFitness":[0.9754826,0.974464655,0.9739505,0.973926544,0.973412037,0.9754826,0.9739505,0.9749676,0.9744413,0.9765352],"bestLocations":[45,48,49,47,48,45,49,46,46,45],"averageLocations":[48.972,54.276,53.344,52.1,52.728,49.896,52.764,51.256,53.456,50.924],"averageFitness":[0.968420267,0.967663646,0.96847415,0.967339456,0.967536,0.968343139,0.9680563,0.968221545,0.9672041,0.967928946],"averageVisibility":[0.987855,0.991788,0.992453158,0.9889077,0.9899433,0.988650739,0.991021335,0.9898049,0.9900276,0.988878667],"generations":[4304,3691,3167,2307,2801,7777,5159,2876,3256,9904],"standardDeviation":[]}