{"populationSize":250,"crossoverRate":69,"mutationRate":20,"elists":0,"bestVisibility":[1.0,1.0,0.998944044,1.0,1.0,1.0,1.0,0.998944044,1.0,1.0,0.998944044,1.0,1.0,1.0,0.998944044,1.0,1.0,1.0,1.0,1.0,1.0,1.0,1.0,1.0,0.998944044,0.998944044,1.0,1.0,0.998944044,1.0,1.0,1.0,0.998944044,1.0,1.0,0.998944044,1.0,0.9978881,1.0,1.0,1.0,1.0,1.0,1.0,1.0,0.9957761,1.0,1.0,1.0,0.998944044,1.0,1.0,1.0,1.0,0.998944044,0.998944044,0.998944044,1.0,1.0,1.0,1.0,1.0,0.998944044,0.998944044,1.0,0.998944044,1.0,1.0,0.998944044,1.0,0.998944044,1.0,1.0,1.0,1.0,0.998944044,1.0,1.0,1.0,1.0,1.0,1.0,1.0,0.998944044,1.0,1.0,0.9968321,1.0,1.0,1.0,1.0,1.0,1.0,1.0,0.998944044,1.0,1.0,1.0,1.0,1.0],"bestFitness":[0.9804316,0.9789974,0.9809807,0.9804316,0.982586861,0.9804316,0.9822273,0.9806215,0.9811495,0.9822273,0.981699347,0.982586861,0.9818679,0.9818679,0.9806215,0.980072856,0.9815087,0.980072856,0.9815087,0.9815087,0.9818679,0.9804316,0.9815087,0.9804316,0.9802625,0.981699347,0.9811495,0.9822273,0.9806215,0.9815087,0.9818679,0.9815087,0.981339931,0.9815087,0.9797143,0.981339931,0.9815087,0.980811954,0.980072856,0.9811495,0.9807905,0.9807905,0.9811495,0.9815087,0.9822273,0.979756,0.9818679,0.9804316,0.9804316,0.9806215,0.9804316,0.9818679,0.9811495,0.9822273,0.9806215,0.9802625,0.9802625,0.9811495,0.9804316,0.9815087,0.9818679,0.980072856,0.9795449,0.9806215,0.9811495,0.9820589,0.9818679,0.9804316,0.9820589,0.9804316,0.9809807,0.9818679,0.9815087,0.9818679,0.9822273,0.9806215,0.9815087,0.9811495,0.9811495,0.980072856,0.9807905,0.9811495,0.9811495,0.979903638,0.9815087,0.9811495,0.980284,0.9811495,0.9822273,0.9818679,0.980072856,0.9815087,0.9797143,0.9822273,0.9795449,0.9815087,0.9818679,0.9807905,0.9822273,0.9818679],"bestLocations":[54,58,51,54,48,54,49,52,52,49,49,48,50,50,52,55,51,55,51,51,50,54,51,54,53,49,52,49,52,51,50,51,50,51,56,50,51,50,55,52,53,53,52,51,49,50,50,54,54,52,54,50,52,49,52,53,53,52,54,51,50,55,55,52,52,48,50,54,48,54,51,50,51,50,49,52,51,52,52,55,53,52,52,54,51,52,50,52,49,50,55,51,56,49,55,51,50,53,49,50],"averageLocations":[58.1,65.148,58.272,59.704,54.912,60.66,54.896,57.744,57.696,55.58,57.688,55.008,55.58,55.904,58.024,60.228,55.684,61.648,57.42,57.448,57.476,58.288,57.6,60.236,60.064,56.032,58.884,56.476,58.344,57.02,55.808,57.616,54.224,58.556,62.88,58.372,55.604,59.204,59.672,58.096,57.744,59.468,56.608,57.992,55.604,59.5,58.476,61.3,59.236,61.652,58.408,57.464,56.596,55.932,57.468,59.592,61.14,56.996,60.948,55.408,58.196,59.956,59.228,60.688,57.932,55.832,58.524,61.076,54.488,57.932,54.664,55.436,57.932,57.32,56.624,57.924,58.052,58.696,58.252,61.076,58.796,58.344,57.476,60.844,56.376,56.492,59.148,58.224,56.028,56.504,59.104,56.96,60.256,54.444,60.168,59.492,58.248,60.672,56.904,58.692],"averageFitness":[0.975469053,0.9731015,0.975122154,0.975325,0.976964056,0.9754965,0.9771521,0.9753116,0.976029754,0.9766172,0.9755198,0.9769149,0.976502836,0.9750162,0.9757517,0.9758009,0.97519666,0.9748295,0.976265252,0.9761462,0.976223052,0.975537241,0.9755546,0.974408031,0.975265861,0.975663245,0.975238562,0.9765999,0.9746318,0.9753577,0.975415766,0.9755877,0.976285756,0.975820661,0.9740538,0.975175,0.9758168,0.975877762,0.974338,0.975462139,0.9766186,0.974888563,0.9762487,0.976198,0.9759541,0.9743274,0.97617203,0.974549055,0.974838,0.974322,0.975069463,0.9761908,0.976067245,0.976378739,0.975839138,0.975302041,0.974477351,0.9759829,0.975226641,0.976539552,0.976166964,0.975279152,0.974593639,0.97503835,0.9752735,0.976121545,0.9759296,0.9748383,0.975737453,0.9757995,0.975533247,0.9763876,0.9756766,0.976139,0.9758793,0.975458264,0.975777149,0.9753248,0.974948168,0.9748762,0.976049542,0.9763609,0.975958347,0.974108338,0.97662127,0.9763873,0.9750086,0.9759037,0.976800561,0.9756295,0.974889755,0.9764767,0.974795461,0.976326048,0.975256562,0.97527647,0.9755088,0.9754962,0.975899458,0.9753497],"averageVisibility":[0.993014,0.993322253,0.9924438,0.993876,0.9937197,0.994901657,0.9940825,0.9924437,0.993846059,0.9935037,0.992819846,0.9936895,0.993275762,0.9905344,0.993525267,0.995202243,0.99073714,0.9942768,0.994121134,0.9939011,0.994074762,0.993284464,0.9928283,0.99242264,0.994015,0.9919197,0.993115366,0.994112253,0.9915146,0.992017269,0.991265655,0.9929042,0.9918693,0.99404484,0.9936056,0.9926216,0.991920352,0.994622946,0.9918777,0.992997766,0.995058358,0.9928323,0.9935043,0.994394958,0.9921949,0.9917343,0.9946911,0.9934658,0.992566466,0.993263364,0.9924357,0.99400264,0.9931326,0.9932804,0.9933015,0.9937493,0.993208647,0.993250668,0.994568467,0.9932252,0.9944797,0.9939644,0.9920722,0.9940069,0.992502749,0.9926931,0.9942387,0.9938848,0.990961,0.9935546,0.9906779,0.9929425,0.993309736,0.993795,0.9927773,0.9928667,0.993597,0.9931537,0.9920808,0.993960559,0.994674265,0.9949742,0.9935461,0.9922573,0.9940831,0.9936987,0.992845833,0.993972659,0.9941922,0.9921906,0.992574751,0.994213462,0.993212461,0.9921056,0.994069755,0.9936264,0.9931997,0.994910836,0.993018568,0.993200064],"generations":[2703,1645,3917,2570,9627,1996,6068,2992,3542,5655,5503,5763,4632,5478,2443,2382,5257,2277,4177,3554,4929,2669,6285,2362,2446,4088,5858,5507,4586,3168,3678,4473,5598,4738,3671,6873,4871,5035,1784,3686,4563,3171,3887,4163,7979,3267,4401,5234,3161,4161,3375,3729,3858,5833,3757,4322,2434,4490,2855,4084,6471,2913,1971,4493,3081,4575,5226,3413,6840,2373,4449,6497,5562,6045,4070,1954,3077,4655,4290,4512,3739,5619,4730,2848,6999,3123,2898,5461,5088,3670,2299,5003,2488,3594,3120,6111,3582,3172,6801,5390],"standardDeviation":[]}