{"populationSize":250,"crossoverRate":60,"mutationRate":20,"elists":0,"bestVisibility":[0.9957761,0.9968321,0.998944044,0.9968321,0.998944044,0.9968321,0.9957761,0.9957761,0.9978881,0.9978881,0.9978881,0.9957761,0.998944044,0.998944044,0.994720161,1.0,0.998944044,0.994720161,0.9936642,0.9978881,0.9968321,0.9978881,0.9978881,0.9957761,0.998944044,0.994720161,1.0,0.9978881,0.9978881,0.9968321,0.9978881,0.9978881,0.9968321,0.998944044,0.9978881,1.0,1.0,0.9978881,0.998944044,0.9978881,0.992608249,0.9957761,1.0,0.998944044,0.9978881,0.998944044,0.9978881,0.998944044,0.9978881,0.998944044,0.994720161,0.9978881,0.9978881,0.9978881,0.9978881,0.9968321,0.9978881,0.9968321,0.9978881,0.9978881,0.9968321,0.9936642,0.9978881,0.9978881,0.998944044,0.998944044,0.998944044,0.9978881,0.994720161,0.9978881,0.998944044,0.9968321,0.998944044,0.9978881,0.998944044,0.9978881,1.0,1.0,0.9968321,0.9978881,0.9957761,0.9968321,0.9968321,0.998944044,1.0,1.0,1.0,0.9978881,0.998944044,0.998944044,0.9957761,0.9978881,0.9978881,0.9978881,0.9968321,0.994720161,0.998944044,1.0,0.9978881,0.9978881],"bestFitness":[0.9697834,0.9728795,0.974964738,0.9728795,0.97445,0.9723654,0.9713235,0.9713235,0.972893357,0.9734075,0.973922,0.972866058,0.971880436,0.9739355,0.9707955,0.9729218,0.9729074,0.9707955,0.970267534,0.972893357,0.9739087,0.972893357,0.97443676,0.9718374,0.971880436,0.9713094,0.974463463,0.9734075,0.971865833,0.9713378,0.971865833,0.97443676,0.9728795,0.971880436,0.972379446,0.97497797,0.9729218,0.9734075,0.97445,0.9734075,0.970253468,0.9708098,0.9729218,0.9723938,0.972893357,0.9723938,0.972379446,0.9729074,0.9703266,0.974964738,0.9723381,0.97443676,0.973922,0.971865833,0.973922,0.9723654,0.9734075,0.971851468,0.972379446,0.972379446,0.9723654,0.9723248,0.9734075,0.9708394,0.971880436,0.974964738,0.9739355,0.972893357,0.9723381,0.9734075,0.9723938,0.9723654,0.9729074,0.972379446,0.971880436,0.9734075,0.971895337,0.9729218,0.973394036,0.971352458,0.972866058,0.9723654,0.9739087,0.9729074,0.9734354,0.9739493,0.9734354,0.9708394,0.973421335,0.9729074,0.972351551,0.971865833,0.971352458,0.9734075,0.971851468,0.970281839,0.9723938,0.9739493,0.972379446,0.9734075],"bestLocations":[54,49,47,49,48,50,51,51,50,49,48,48,53,49,51,52,51,51,51,50,47,50,47,50,53,50,49,49,52,52,52,47,49,53,51,48,52,49,48,49,50,52,52,52,50,52,51,51,55,47,48,47,48,52,48,50,49,51,51,51,50,47,49,54,53,47,49,50,48,49,52,50,51,51,53,49,54,52,48,53,48,50,47,51,51,50,51,54,50,51,49,52,53,49,51,52,52,50,51,49],"averageLocations":[59.124,53.408,53.476,54.388,53.62,51.912,57.552,58.308,55.004,55.944,54.072,53.44,55.732,55.56,57.048,56.104,55.428,54.912,57.656,57.52,54.968,55.016,54.6,58.736,57.968,56.284,54.164,52.008,55.636,57.34,55.24,53.808,54.9,59.104,53.092,55.656,55.696,54.836,54.0,53.088,55.78,54.864,58.08,54.892,53.616,56.008,57.592,54.548,59.46,53.628,55.696,52.184,53.848,56.532,56.312,55.028,51.828,56.04,54.724,53.412,54.856,56.344,52.332,58.616,56.28,54.148,52.988,56.02,56.572,52.588,55.712,53.728,57.824,54.676,54.1,51.068,58.596,55.1,54.58,54.836,53.272,55.172,52.668,55.288,51.924,55.532,57.1,58.84,53.932,53.06,54.852,57.0,55.856,56.536,55.544,58.54,55.164,52.884,55.336,57.508],"averageFitness":[0.9621714,0.9645123,0.9661912,0.9638645,0.9650354,0.9644023,0.9629067,0.963525057,0.9645714,0.9652675,0.9666093,0.965517044,0.963693,0.966680944,0.9636038,0.965500653,0.965033054,0.962945163,0.9622914,0.9647116,0.963900745,0.963998,0.96494025,0.9639459,0.963711262,0.964317739,0.9656479,0.9657996,0.9647764,0.9642082,0.963837445,0.964558661,0.9643447,0.96385,0.964801848,0.9657718,0.965176642,0.9659961,0.9659349,0.9639989,0.961013854,0.9637024,0.965563655,0.9653884,0.9631983,0.96267724,0.9634883,0.965321958,0.962381542,0.9651919,0.964699,0.9649829,0.9661081,0.964478433,0.9649286,0.965029061,0.9653431,0.9640582,0.964213669,0.9656007,0.9650906,0.964047,0.964988947,0.963321,0.964129746,0.966441035,0.9648189,0.9649398,0.9629336,0.9652439,0.9661973,0.9634937,0.9642324,0.965400159,0.9637568,0.965402,0.96415025,0.9650809,0.9645304,0.963793457,0.9660572,0.9652192,0.964356065,0.9649645,0.9670649,0.9654725,0.9648127,0.9639832,0.964930534,0.9649283,0.964545,0.9626025,0.965177655,0.9662122,0.964637756,0.962322652,0.9642461,0.9648853,0.965232432,0.964449],"averageVisibility":[0.9857996,0.9846252,0.988050759,0.98433435,0.9858885,0.982868135,0.9856604,0.9876708,0.986378133,0.9887354,0.989499331,0.986665666,0.9853691,0.9911683,0.9865389,0.9893644,0.987738848,0.983032763,0.984536767,0.9892381,0.9850011,0.985245943,0.9867033,0.9889508,0.9876965,0.987185061,0.987670839,0.9857609,0.987438738,0.9880473,0.985152841,0.985128045,0.9858209,0.9891367,0.9848791,0.989449561,0.9883002,0.989056,0.988076568,0.9832694,0.9800591,0.9844986,0.991514564,0.987898946,0.9822097,0.983620048,0.986864269,0.987413347,0.9865639,0.986209,0.9873459,0.98430866,0.9882666,0.9877599,0.9884352,0.9873201,0.984663546,0.986416757,0.9853771,0.9868044,0.98726517,0.9867036,0.9844734,0.9875782,0.98680526,0.9892424,0.984807134,0.9881564,0.98470974,0.9852461,0.990357339,0.9829146,0.988591552,0.987700343,0.983822763,0.984000444,0.9892168,0.987497866,0.9858626,0.984651,0.987573445,0.9878483,0.983552456,0.987455,0.988207161,0.988722265,0.9890098,0.9891326,0.9859983,0.985098,0.9861714,0.9844858,0.9884647,0.9912316,0.987066746,0.985504568,0.985892832,0.984832466,0.98804307,0.9887017],"generations":[1839,3588,6042,5831,4920,2777,2501,2305,3982,7100,4166,3588,2372,7305,2108,4260,4042,2441,2378,2949,3675,3663,5078,2458,2242,2364,6073,7943,1991,2921,3655,4797,4702,2262,4373,7112,3447,4471,2876,3002,1628,2596,5718,2994,3306,3532,3552,3728,1771,3513,3461,5943,3994,2016,3769,3761,4424,5024,3131,2842,4330,3116,4098,1853,2827,5043,5244,4657,2242,3232,3371,5389,4605,3975,2617,4153,3793,4076,4586,2875,3073,2819,4363,3498,7054,4347,2756,2087,3750,3880,4597,4325,2484,4033,3687,2002,3973,8163,4669,3070],"standardDeviation":[]}