{"populationSize":250,"crossoverRate":60,"mutationRate":20,"elists":0,"bestVisibility":[0.9820296,0.97991544,0.97991544,0.9883721,0.987315,0.984143734,0.9894292,0.9862579,0.9894292,0.991543353,0.9883721,0.9883721,0.987315,0.990486264,0.990486264,0.9852008,0.992600441,0.984143734,0.9830867,0.9883721,0.9894292,0.984143734,0.9862579,0.9820296,0.9852008,0.9862579,0.991543353,0.9830867,0.9894292,0.9852008,0.984143734,0.9862579,0.9894292,0.990486264,0.990486264,0.984143734,0.990486264,0.9809725,0.9936575,0.9830867,0.9894292,0.984143734,0.9894292,0.9820296,0.9862579,0.9883721,0.987315,0.987315,0.9852008,0.9883721,0.9883721,0.9936575,0.991543353,0.9883721,0.990486264,0.9852008,0.9862579,0.990486264,0.987315,0.9894292,0.987315,0.9852008,0.9894292,0.9830867,0.987315,0.9883721,0.9862579,0.990486264,0.9862579,0.990486264,0.984143734,0.9862579,0.9809725,0.9830867,0.990486264,0.984143734,0.9862579,0.9894292,0.9883721,0.9883721,0.9883721,0.9883721,0.9883721,0.990486264,0.991543353,0.987315,0.9883721,0.991543353,0.987315,0.9852008,0.990486264,0.9862579,0.987315,0.990486264,0.990486264,0.9820296,0.9852008,0.9883721,0.9883721,0.990486264],"bestFitness":[0.9675378,0.96493566,0.963393152,0.969164,0.968121,0.965507269,0.9691781,0.967078269,0.965584636,0.9686935,0.967621446,0.9686495,0.967092931,0.969192445,0.969192445,0.9691234,0.9676828,0.968079567,0.968066335,0.969164,0.9691781,0.9660212,0.9681069,0.9665075,0.96552217,0.9681069,0.9686935,0.9690978,0.9691781,0.9670639,0.96653533,0.966050744,0.96815,0.9676515,0.9686786,0.9691105,0.9686786,0.966493964,0.9702642,0.9660069,0.9691781,0.965507269,0.968663931,0.9675378,0.967078269,0.967621446,0.968121,0.96863544,0.966549754,0.9686495,0.969164,0.971806765,0.9692071,0.9707091,0.9686786,0.9675784,0.966050744,0.9686786,0.96863544,0.96815,0.96863544,0.96552217,0.967123,0.9649788,0.96966517,0.966594458,0.9665644,0.9676515,0.9650243,0.969706655,0.967049837,0.967078269,0.965979,0.9639517,0.965600967,0.964993656,0.9665644,0.968663931,0.968135357,0.968135357,0.968135357,0.967107832,0.9686495,0.9666257,0.96972096,0.9701805,0.96967876,0.9686935,0.9691502,0.9670639,0.9686786,0.9665644,0.968121,0.9666257,0.969192445,0.9665075,0.9680931,0.969164,0.9686495,0.9686786],"bestLocations":[45,48,51,48,49,51,49,50,56,52,51,49,51,50,50,45,55,46,45,48,49,50,48,47,52,48,52,43,49,49,49,52,51,53,51,44,51,46,51,49,49,51,50,45,50,51,49,48,50,49,48,48,51,45,51,48,52,51,48,51,48,52,53,51,46,53,51,53,54,49,48,50,47,53,57,52,51,50,50,50,50,52,49,55,50,45,47,52,47,49,51,51,49,55,50,47,47,48,49,51],"averageLocations":[47.408,49.144,51.704,45.92,47.096,51.232,50.788,45.252,50.016,49.584,53.568,47.392,50.06,52.008,50.284,47.22,51.06,49.496,47.86,47.308,51.928,48.9,46.484,47.724,50.996,47.932,48.896,45.316,47.352,51.152,49.46,53.552,49.628,49.928,48.732,47.256,50.288,46.412,51.404,47.876,51.408,55.172,47.568,48.12,52.352,49.42,49.348,52.004,49.468,46.04,45.984,50.412,51.116,50.06,50.164,49.028,53.912,50.196,48.876,49.812,51.636,48.592,50.532,48.364,50.024,50.872,46.948,52.128,47.612,47.276,50.844,48.184,50.828,50.832,54.96,48.416,49.184,46.736,51.632,52.976,46.784,54.176,51.464,48.544,51.3,44.852,45.716,51.308,42.796,49.072,46.512,49.088,50.58,51.052,50.616,47.04,48.888,47.42,50.392,50.476],"averageFitness":[0.9551083,0.952133358,0.9545807,0.9548849,0.954038262,0.954968631,0.955884159,0.953280151,0.950555563,0.9521477,0.957202256,0.953422844,0.951854169,0.958747745,0.9567625,0.957038,0.9565617,0.953484654,0.9548951,0.956496,0.958086669,0.953896642,0.9499853,0.95186317,0.954491854,0.953092039,0.954556167,0.9519151,0.958100736,0.955465138,0.95219934,0.955458045,0.956154168,0.9536408,0.957608163,0.9534023,0.9571915,0.951536953,0.9562137,0.9521018,0.957872033,0.957228541,0.9558203,0.9552173,0.9542669,0.9564111,0.9540327,0.9537541,0.954568744,0.9525723,0.9508694,0.957762,0.9568185,0.9583347,0.949471354,0.9525221,0.956413865,0.95472306,0.953509331,0.956734,0.9562407,0.9535118,0.9548481,0.952982068,0.955503047,0.954232,0.9514594,0.953242362,0.952256739,0.955335438,0.952685952,0.9555644,0.954580367,0.953567147,0.957126856,0.9529728,0.9512222,0.9524648,0.957839251,0.954152942,0.9558608,0.9563434,0.955306,0.9535305,0.9561197,0.953492045,0.9539076,0.955967367,0.95444113,0.9545422,0.9535738,0.952954054,0.956181049,0.9539447,0.9578135,0.952324867,0.9568076,0.9579263,0.9554936,0.954942942],"averageVisibility":[0.959649,0.955484152,0.9630103,0.95767,0.957188249,0.9633022,0.9646767,0.953771651,0.9532264,0.9559666,0.970169544,0.9562625,0.955869,0.971657455,0.9659151,0.9633147,0.9663131,0.9585495,0.9596866,0.9623211,0.970253468,0.958760858,0.948452532,0.9534845,0.9621053,0.95615685,0.960075855,0.951108,0.965577,0.964211047,0.955941141,0.9666638,0.9640253,0.9593063,0.966012537,0.9560806,0.966777742,0.9514799,0.9659704,0.954118669,0.9692894,0.97186476,0.9612384,0.960600436,0.9630486,0.9643255,0.959492445,0.9616656,0.9606893,0.95316714,0.949704051,0.9680462,0.966883659,0.968828738,0.9512093,0.956143558,0.9689426,0.9617464,0.957962155,0.965373933,0.9662616,0.9576745,0.9623423,0.9563806,0.963129163,0.961458862,0.9518773,0.9607696,0.9541567,0.959966,0.9583386,0.96136117,0.9621098,0.960088551,0.9714461,0.956414461,0.9537044,0.953670263,0.9694543,0.963462949,0.9605117,0.9690741,0.9642154,0.957661748,0.9656746,0.9537847,0.95550555,0.965378642,0.953560352,0.9602281,0.955657661,0.9570696,0.9650566,0.961070061,0.968359,0.9537044,0.964570761,0.9652985,0.963488162,0.9624732],"generations":[2969,2032,1769,2540,2943,1834,3076,2445,1551,3086,1893,2111,1979,3517,4115,4975,2023,3288,4614,5692,2555,1662,3086,2676,2548,2030,2932,3542,4671,2393,2413,2339,2974,2609,2320,2323,2192,1775,6419,2643,3909,1685,3375,1802,2524,4243,3151,2729,2502,2615,3848,3926,2551,3081,3562,3088,2352,2962,3336,2365,2179,1794,2452,1641,4251,2934,2354,1790,2369,2163,2060,2463,2315,1485,1742,2161,4910,2379,2669,3960,4566,2846,3096,2814,3136,4568,4588,3225,3390,2708,3509,1710,2725,2109,3518,2884,3522,4696,2932,2897],"standardDeviation":[]}