{"populationSize":250,"crossoverRate":60,"mutationRate":20,"elists":0,"bestVisibility":[0.996828735,0.995771646,0.9936575,0.992600441,0.994714558,0.995771646,0.9936575,0.9936575,0.995771646,0.994714558,0.991543353,0.996828735,0.996828735,0.995771646,0.9936575,0.995771646,0.995771646,0.994714558,0.995771646,0.994714558,0.991543353,0.992600441,0.994714558,0.992600441,0.995771646,0.994714558,0.994714558,0.9936575,0.994714558,0.995771646,0.994714558,0.9936575,0.996828735,0.995771646,0.9936575,0.995771646,0.9936575,0.9936575,0.994714558,0.996828735,0.995771646,0.994714558,0.995771646,0.994714558,0.994714558,0.996828735,0.996828735,0.994714558,0.995771646,0.991543353,0.996828735,0.9936575,0.995771646,0.994714558,0.9978858,0.994714558,0.991543353,0.992600441,0.996828735,0.996828735,0.994714558,0.994714558,0.995771646,0.992600441,0.994714558,0.9936575,0.995771646,0.995771646,0.995771646,0.994714558,0.9936575,0.995771646,0.994714558,0.992600441,0.995771646,0.9936575,0.996828735,0.996828735,0.995771646,0.995771646,0.994714558,0.995771646,0.995771646,0.991543353,0.995771646,0.992600441,0.995771646,0.9936575,0.992600441,0.994714558,0.996828735,0.9936575,0.9936575,0.9936575,0.994714558,0.9978858,0.994714558,0.991543353,0.991543353,0.994714558],"bestFitness":[0.9718498,0.9728638,0.973867357,0.971792936,0.9718208,0.9728638,0.9728365,0.9728365,0.9738935,0.9718208,0.970235169,0.9718498,0.973907053,0.971835136,0.972321451,0.971835136,0.9708076,0.9723352,0.9723493,0.9718208,0.96972096,0.9697356,0.9707927,0.9707637,0.9728638,0.972849965,0.9723352,0.9733518,0.9738803,0.9728638,0.9718208,0.9702642,0.97287786,0.973378539,0.971292257,0.9713212,0.972321451,0.971292257,0.9723352,0.9713361,0.9738935,0.973364949,0.971835136,0.971306562,0.9723352,0.9723637,0.9713361,0.9718208,0.9738935,0.970235169,0.9723637,0.9728365,0.9708076,0.973364949,0.9728922,0.971306562,0.9707496,0.9697356,0.9713361,0.9692844,0.9718208,0.9702791,0.9728638,0.9707637,0.9718208,0.972321451,0.9713212,0.9723493,0.9723493,0.9707927,0.9707781,0.9728638,0.9723352,0.973338842,0.973378539,0.971292257,0.9718498,0.970822752,0.971835136,0.9723493,0.972849965,0.973378539,0.971835136,0.971779346,0.9728638,0.9712782,0.9728638,0.971806765,0.9712782,0.972849965,0.97287786,0.971292257,0.972321451,0.969237149,0.9723352,0.971351266,0.9723352,0.9692071,0.9692071,0.9682273],"bestLocations":[51,48,44,47,49,48,46,46,46,49,49,51,47,50,47,50,52,48,49,49,50,51,51,49,48,47,48,45,45,48,49,51,49,47,49,51,47,49,48,52,46,46,50,50,48,50,52,49,46,49,50,46,52,46,50,50,48,51,52,56,49,52,48,49,49,47,51,49,49,51,50,48,48,44,47,49,51,53,50,49,47,47,50,46,48,48,48,48,48,47,49,49,47,53,48,53,48,51,51,56],"averageLocations":[53.76,51.952,49.9,52.384,52.068,53.4,50.328,52.12,51.896,54.184,48.416,56.104,50.732,54.004,49.388,54.944,53.552,50.268,54.244,55.052,54.332,52.38,54.016,53.536,54.036,49.748,51.432,48.596,51.044,51.164,53.112,50.932,54.204,51.216,51.956,51.836,53.336,54.204,52.148,53.596,50.116,49.272,52.68,55.008,51.112,50.132,50.428,52.476,56.064,54.248,52.204,49.392,53.948,50.44,51.872,54.14,49.924,56.736,54.8,56.236,51.62,52.432,54.612,52.092,50.312,54.532,52.672,52.352,50.664,53.9,52.192,51.464,51.196,51.168,52.36,51.588,53.348,54.312,53.58,52.524,52.388,52.16,50.56,52.552,50.52,53.596,51.7,49.984,51.28,53.28,55.132,50.74,51.872,54.424,53.32,55.188,51.604,51.888,56.156,56.836],"averageFitness":[0.9615,0.9632563,0.9633847,0.9623321,0.962342858,0.96313256,0.963874638,0.9616293,0.9635512,0.962218642,0.96086663,0.963206947,0.9619551,0.960808,0.9632816,0.962729752,0.962335944,0.9635188,0.961993158,0.9631434,0.96041584,0.9606923,0.962748349,0.9605512,0.9624178,0.964323044,0.9632425,0.9612562,0.9636537,0.962692738,0.9617728,0.960530639,0.963136733,0.9648502,0.9632265,0.961560667,0.9626739,0.9618469,0.9610053,0.9607232,0.9621173,0.963458359,0.961419344,0.9622125,0.962859452,0.962105334,0.961155832,0.9611531,0.963022232,0.9591479,0.962699831,0.962548256,0.961947739,0.9636609,0.963442862,0.9626003,0.95975244,0.9605766,0.9611779,0.95913285,0.9620342,0.961553335,0.9631646,0.9610348,0.963447332,0.9622141,0.96079123,0.9627382,0.9597293,0.9619668,0.9624522,0.9624664,0.96275425,0.96243906,0.9621676,0.9608306,0.963155,0.9619665,0.9622555,0.9622432,0.963747144,0.9643909,0.9626749,0.96323806,0.962248266,0.96162647,0.962576,0.963193238,0.9613625,0.964705348,0.962654,0.963267863,0.9617611,0.961421132,0.961711,0.962150037,0.9604897,0.9612194,0.960473537,0.958637953],"averageVisibility":[0.97896,0.9806171,0.9787656,0.9792138,0.978908837,0.9818559,0.9801859,0.9775353,0.9811502,0.980833,0.972202659,0.9847779,0.9767612,0.9778264,0.97803396,0.9826342,0.980418861,0.979412138,0.9804437,0.9835725,0.9773784,0.9759281,0.981720865,0.9768324,0.981078148,0.980486453,0.9800545,0.973166943,0.980478,0.978680432,0.9788413,0.974118352,0.9826893,0.9830485,0.9805623,0.9771079,0.9808751,0.980109751,0.976317167,0.9772392,0.976452351,0.978266239,0.977691233,0.981666267,0.978959739,0.976444,0.974850059,0.9769471,0.984367847,0.974756658,0.9797632,0.9765708,0.980051,0.97987324,0.9809088,0.981551945,0.9715264,0.9801647,0.9793826,0.9767651,0.9778303,0.977704048,0.983163,0.9763169,0.979315162,0.981179833,0.9764273,0.9799916,0.9722411,0.9800383,0.9792556,0.978536665,0.9788375,0.978177547,0.9788585,0.9753911,0.9818477,0.9804608,0.9802876,0.979179561,0.9820465,0.983099163,0.978025258,0.9811967,0.9771291,0.9790444,0.978997946,0.9784694,0.976139,0.9848796,0.9826766,0.9793954,0.9775433,0.9794841,0.978930056,0.981725,0.974727154,0.9764778,0.9793656,0.976388633],"generations":[3560,3334,4945,3392,2330,4481,2379,3165,3745,5548,2591,3038,5760,3335,3167,3538,2461,3401,3045,3037,2733,1710,2365,3119,3076,5277,4577,6399,4589,4705,5003,2328,3509,3554,3256,3487,5683,2944,6219,4170,5342,5608,3758,2225,3319,3733,3180,3552,5718,3214,5530,4084,2351,4833,4763,3689,3038,2025,2496,1877,4381,2508,3866,2607,3116,3362,2797,2989,3186,3765,3207,3114,4047,4234,3265,2628,3156,3304,3761,4218,3451,3275,2558,2724,4544,1919,6232,3760,2045,4186,3236,3858,2089,3247,3410,2680,3644,2309,2290,2589],"standardDeviation":[]}