{"populationSize":250,"crossoverRate":69,"mutationRate":20,"elists":0,"bestVisibility":[1.0,1.0,0.998944044,1.0,1.0,0.998944044,1.0,1.0,1.0,1.0,1.0,1.0,1.0,1.0,0.998944044,1.0,1.0,1.0,1.0,1.0,1.0,1.0,1.0,1.0,1.0,1.0,1.0,1.0,1.0,1.0,1.0,1.0,0.998944044,1.0,1.0,1.0,1.0,1.0,1.0,1.0,1.0,1.0,1.0,1.0,1.0,1.0,1.0,1.0,1.0,1.0],"bestFitness":[0.9846885,0.9838965,0.9846885,0.9857445,0.9846885,0.9854804,0.9860084,0.9846885,0.9846885,0.9846885,0.9846885,0.9846885,0.98495245,0.9852165,0.986008465,0.9857445,0.9854804,0.9857445,0.98495245,0.9852165,0.986272454,0.9852165,0.986272454,0.98495245,0.9854804,0.9844245,0.9854804,0.9844245,0.9854804,0.9846885,0.9846885,0.9860084,0.9852165,0.98495245,0.9846885,0.9852165,0.9852165,0.9857445,0.9846885,0.9844245,0.9860084,0.9844245,0.9857445,0.9844245,0.986272454,0.9844245,0.9860084,0.9857445,0.98495245,0.9857445],"bestLocations":[58,61,56,54,58,53,53,58,58,58,58,58,57,56,51,54,55,54,57,56,52,56,52,57,55,59,55,59,55,58,58,53,54,57,58,56,56,54,58,59,53,59,54,59,52,59,53,54,57,54],"averageLocations":[63.996,67.948,63.784,60.0,64.248,59.908,59.196,61.78,62.216,65.408,64.712,65.284,64.384,61.532,58.54,61.148,59.272,59.84,60.324,62.18,62.148,62.176,58.816,59.688,63.088,62.612,60.524,65.064,60.564,63.468,63.664,61.112,60.656,61.692,63.728,61.468,63.052,60.596,62.628,63.196,60.092,65.956,61.548,64.416,57.58,65.2,61.66,62.048,62.48,59.104],"averageFitness":[0.9810112,0.9796776,0.9800334,0.98105377,0.980851233,0.9797645,0.9811522,0.9802424,0.9801052,0.980445564,0.980435,0.979536653,0.980798542,0.9805966,0.9819462,0.980592251,0.9808698,0.9813792,0.9803111,0.980210364,0.981348,0.9805111,0.981479168,0.980934,0.980479956,0.9799372,0.9808477,0.980073869,0.9813062,0.981061459,0.9799813,0.9813518,0.9799006,0.9808018,0.9808096,0.9806683,0.979918361,0.9810296,0.980301261,0.9807529,0.981559336,0.9801062,0.9805163,0.9792184,0.9815201,0.980029047,0.981605649,0.9806402,0.980021238,0.981311858],"averageVisibility":[0.995810032,0.9952313,0.993744552,0.993787169,0.9956244,0.9911604,0.993558943,0.99310267,0.99306035,0.9954259,0.9950374,0.9935424,0.9955906,0.99368155,0.9948007,0.993470132,0.9930354,0.9943534,0.992473662,0.9932503,0.995510757,0.993850648,0.994010746,0.993381262,0.9942687,0.99293375,0.9936516,0.994500637,0.9945899,0.9956327,0.9935752,0.994969666,0.99182713,0.9941757,0.9952653,0.9937914,0.9931282,0.9940525,0.993668437,0.9948726,0.9948473,0.995037138,0.993529737,0.9924483,0.993440747,0.9944839,0.9957683,0.9940407,0.993030965,0.9938292],"generations":[3764,1946,3674,2990,2096,3287,4587,3310,2750,2729,4794,2740,3940,5066,4740,6023,4138,2790,2581,4038,4607,3497,3357,3102,3798,2618,3774,1996,3742,3011,2860,4701,3574,5098,2879,2931,3960,3814,2512,1765,4292,4263,4245,2720,8076,3129,5039,2426,3392,4302],"standardDeviation":[]}