{"populationSize":250,"crossoverRate":69,"mutationRate":20,"elists":0,"bestVisibility":[1.0,1.0,1.0,1.0,1.0,1.0,1.0,1.0,1.0,1.0,1.0,1.0,1.0,1.0,1.0,1.0,1.0,1.0,1.0,1.0],"bestFitness":[0.9854804,0.986272454,0.9860084,0.9854804,0.986272454,0.98495245,0.9857445,0.986272454,0.986272454,0.98495245,0.986536443,0.9854804,0.9873284,0.9857445,0.986272454,0.9857445,0.986272454,0.9857445,0.9860084,0.9857445],"bestLocations":[55,52,53,55,52,57,54,52,52,57,51,55,48,54,52,54,52,54,53,54],"averageLocations":[61.128,60.444,60.364,62.644,60.732,63.064,60.436,57.164,59.968,63.444,59.028,61.916,54.664,62.168,59.472,61.492,60.192,60.268,59.936,62.68],"averageFitness":[0.9810467,0.9816538,0.9813581,0.9810314,0.9808744,0.9807325,0.98139447,0.9826125,0.981532454,0.9808834,0.981592655,0.981073141,0.9823851,0.9812586,0.981970131,0.9813265,0.9816804,0.9814493,0.9817226,0.981034338],"averageVisibility":[0.994367838,0.995222032,0.9945876,0.9951375,0.9938143,0.9947611,0.9946977,0.9954076,0.994727,0.9952638,0.994350851,0.994837165,0.993631959,0.995340049,0.9953403,0.995120466,0.9951416,0.9947185,0.9950906,0.995162666],"generations":[3094,4277,3666,3002,3886,3316,3474,6194,4204,2812,6423,5252,6853,6425,4898,2076,4185,4251,5877,4147],"standardDeviation":[]}