{"populationSize":250,"crossoverRate":69,"mutationRate":20,"elists":0,"bestVisibility":[1.0,1.0,1.0,1.0,0.99895066,0.9979014,0.99895066,1.0,0.99895066,1.0],"bestFitness":[0.986543536,0.9878628,0.9878628,0.986543536,0.985755,0.987077355,0.9878658,0.986807346,0.985755,0.986807346],"bestLocations":[51,46,46,51,52,45,44,50,52,50],"averageLocations":[56.732,53.532,54.068,58.54,57.952,54.944,52.348,57.768,58.524,55.584],"averageFitness":[0.9816272,0.982185662,0.982600868,0.980959,0.9822684,0.980982244,0.9823223,0.981619835,0.981695533,0.9822885],"averageVisibility":[0.9931915,0.992621243,0.9937331,0.9928101,0.995117843,0.9909589,0.992268,0.993724346,0.9942747,0.9939092],"generations":[3213,2978,4365,3232,2882,5540,7882,3866,2491,2555],"standardDeviation":[]}