{"populationSize":250,"crossoverRate":69,"mutationRate":20,"elists":0,"bestVisibility":[1.0,1.0,1.0,1.0,1.0,1.0,1.0,1.0,1.0,1.0,1.0,1.0,1.0,1.0,1.0,1.0,1.0,1.0,1.0,1.0],"bestFitness":[0.9860084,0.9846885,0.98495245,0.9846885,0.9857445,0.9846885,0.9846885,0.9846885,0.9852165,0.983632565,0.9857445,0.9857445,0.9852165,0.9852165,0.9846885,0.9857445,0.9838965,0.984160542,0.986272454,0.983632565],"bestLocations":[53,58,57,58,54,58,58,58,56,62,54,54,56,56,58,54,61,60,52,62],"averageLocations":[61.332,65.888,64.348,67.052,62.576,65.58,66.872,63.8,62.512,66.676,61.64,60.672,62.608,64.112,61.752,59.084,66.56,67.408,60.08,68.568],"averageFitness":[0.981380761,0.980172,0.9805833,0.9801717,0.9810147,0.9803189,0.9795821,0.980649352,0.98026365,0.9798011,0.98098886,0.98156,0.980684757,0.9808741,0.980261266,0.981403053,0.979905844,0.9794663,0.981394351,0.98009336],"averageVisibility":[0.995145142,0.9951324,0.9951409,0.9957463,0.99506855,0.995263636,0.994472265,0.994984031,0.993532538,0.99480623,0.994523,0.995153368,0.9944254,0.995597661,0.9931262,0.994002759,0.994954467,0.994523168,0.9945101,0.9963895],"generations":[6320,3802,3893,3261,5228,1723,2222,4457,3807,2042,8152,5920,5056,7318,3523,4568,3407,4090,6289,2172],"standardDeviation":[]}