{
  "samples": [1, 5, 10, 50, 100, 500, 1000, 5000, 10000],
  "pseudoRandom": [1.998299, 1.982191, 1.97081, 1.853191, 1.719689, 1.002566, 0.7505881, 0.3207105, 0.2290236],
  "vanDerCorput": [1.999603, 1.981562, 1.970468, 1.853983, 1.665313, 0.6187799, 0.3606661, 0.1016036, 0.0541687]
}