{"populationSize":250,"crossoverRate":40,"mutationRate":20,"elists":0,"bestVisibility":[0.9978881,0.998944044,0.9957761,0.998944044,0.998944044,0.998944044,0.998944044,0.9968321,0.998944044,0.9968321,1.0,0.998944044,0.9968321,0.9978881,0.9978881,0.9978881,0.9978881,0.9968321,0.998944044,0.9968321,0.998944044,0.998944044,0.9968321,0.9978881,0.9936642,0.9957761,0.9968321,0.9978881,0.9978881,0.9978881],"bestFitness":[0.9734075,0.9729074,0.9708098,0.97445,0.971880436,0.9729074,0.9729074,0.973394036,0.9729074,0.9723654,0.9734354,0.973421335,0.973394036,0.972379446,0.972379446,0.971352458,0.9734075,0.9728795,0.973421335,0.9723654,0.9729074,0.9729074,0.9728795,0.973922,0.970781446,0.972351551,0.973394036,0.971865833,0.9734075,0.971865833],"bestLocations":[49,51,52,48,53,51,51,48,51,50,51,50,48,51,51,53,49,49,50,50,51,51,49,48,50,49,48,52,49,52],"averageLocations":[54.728,55.032,55.912,51.88,58.324,56.976,58.808,56.984,56.4,56.532,55.492,55.46,57.004,54.324,54.7,55.844,55.944,55.5,54.448,55.644,58.356,55.12,54.424,54.92,56.528,57.556,53.904,56.904,54.488,58.076],"averageFitness":[0.967484832,0.9671428,0.9644829,0.9668517,0.965078831,0.9655207,0.9653176,0.965881169,0.9662336,0.964615,0.967414439,0.9658012,0.966772437,0.965746939,0.9663002,0.965412,0.967454731,0.965675,0.967254341,0.9655583,0.965707,0.9653649,0.9666186,0.966400564,0.9641756,0.9658944,0.9661298,0.96388,0.96754396,0.9660213],"averageVisibility":[0.991924167,0.9915528,0.9871346,0.987734139,0.990796447,0.9902978,0.9917682,0.9910286,0.9911343,0.9880345,0.9925666,0.989305437,0.992832839,0.988033831,0.9895253,0.9889208,0.9931117,0.989094,0.991176367,0.989009559,0.9920852,0.988084853,0.989879847,0.9899518,0.987151146,0.991641045,0.98836714,0.986944735,0.991797447,0.9924267],"generations":[5174,3469,3584,4976,2724,4684,4930,4470,2663,4171,3174,5574,4738,4293,2984,2699,4163,5700,4258,4151,2712,5441,4969,6573,2316,3510,6771,2989,5042,4436],"standardDeviation":[]}