{"populationSize":250,"crossoverRate":69,"mutationRate":20,"elists":0,"bestVisibility":[0.9968254,0.9978836,0.9968254,0.9978836,0.9978836,0.9957672,0.9968254,0.9968254,0.9968254,0.9978836,0.9968254,0.9968254,0.9978836,0.9968254,0.9978836,0.9936508,0.9968254,0.9968254,0.9989418,0.9978836,0.9968254,0.9936508,0.9978836,0.9978836,0.9957672,0.9957672,0.994709,0.9978836,0.9989418,0.9978836,0.9957672,0.9957672,0.9989418,0.9989418,0.9978836,0.994709,0.9957672,1.0,0.9968254,0.9968254,0.9957672,0.9989418,0.9957672,0.9968254,0.9957672,0.994709,0.9968254,0.9978836,0.9989418,0.9978836,0.9957672,0.9968254,0.9978836,0.9968254,0.9978836,0.9968254,0.9968254,0.9989418,0.9989418,0.9989418,0.9968254,0.9978836,0.9978836,0.9978836,0.9978836,0.9978836,0.9978836,0.9957672,0.9989418,0.9978836,1.0,0.9989418,0.9957672,0.9978836,0.9957672,0.9978836,0.9968254,0.9957672,0.9989418,0.9978836,0.9989418,0.9968254,0.9968254,0.9978836,0.9968254,0.9968254,0.9978836,0.9957672,0.9989418,0.9978836,0.9968254,0.9978836,0.9968254,0.9957672,0.9968254,0.9978836,0.9978836,0.9978836,0.9989418,0.9968254],"bestFitness":[0.97184813,0.9713502,0.9733907,0.9718636,0.9728911,0.9718329,0.97184813,0.97184813,0.9708211,0.9708371,0.97184813,0.97184813,0.972377241,0.97184813,0.9718636,0.973863959,0.97184813,0.971334457,0.971879244,0.973919749,0.97184813,0.971803367,0.972377241,0.972377241,0.970292,0.971319,0.9713038,0.972377241,0.9723927,0.9708371,0.971319,0.9723471,0.9723927,0.972906351,0.9703244,0.9733622,0.9718329,0.9729218,0.9728762,0.972362041,0.9718329,0.972906351,0.970292,0.97184813,0.9723471,0.9723325,0.9733907,0.9713502,0.9713662,0.9728911,0.9708054,0.97184813,0.9728911,0.971334457,0.9713502,0.9733907,0.9687705,0.972906351,0.9734202,0.9734202,0.9728762,0.9734053,0.9718636,0.9734053,0.972377241,0.972377241,0.9708371,0.971319,0.9713662,0.9708371,0.971895337,0.9723927,0.9708054,0.9728911,0.970292,0.9718636,0.9733907,0.9723471,0.972906351,0.972377241,0.9723927,0.9733907,0.972362041,0.9728911,0.972362041,0.9708211,0.9744345,0.9718329,0.9734202,0.9703244,0.97184813,0.9728911,0.972362041,0.9723471,0.972362041,0.972377241,0.9734053,0.9713502,0.9739344,0.971334457],"bestLocations":[51,53,48,52,50,50,51,51,53,54,51,51,51,51,52,44,51,52,53,48,51,48,51,51,53,51,50,51,52,54,51,49,52,51,55,46,50,52,49,50,50,51,53,51,49,48,48,53,54,50,52,51,50,52,53,48,57,51,50,50,49,49,52,49,51,51,54,51,54,54,54,52,52,50,53,52,48,49,51,51,52,48,50,50,50,53,47,50,50,55,51,50,50,49,50,51,49,53,49,52],"averageLocations":[57.288,55.484,52.32,55.04,52.444,54.812,56.524,54.312,55.028,58.636,52.996,55.82,56.14,54.228,53.844,51.304,54.648,58.488,57.992,53.0,53.296,54.588,57.356,56.704,58.3,57.064,55.328,56.516,56.34,56.688,59.336,55.732,53.456,53.792,58.808,52.72,53.6,58.024,56.364,55.44,55.964,55.136,56.808,54.664,55.132,57.852,53.312,57.472,58.176,56.14,55.488,56.152,56.412,59.668,57.264,54.5,58.824,55.688,56.488,57.512,54.364,54.916,57.256,53.74,56.26,57.404,59.384,57.148,58.34,60.908,58.416,57.468,56.148,54.096,58.516,54.932,53.584,52.72,55.708,54.488,56.352,56.308,56.892,54.804,55.008,57.116,55.056,56.28,56.104,59.008,57.384,54.44,55.428,55.388,53.04,53.632,55.844,55.492,54.324,59.644],"averageFitness":[0.964761555,0.9650448,0.965511858,0.965410352,0.9671347,0.964805067,0.964860559,0.9657533,0.965104938,0.9652207,0.9662357,0.9662718,0.965910733,0.9652954,0.964801967,0.9674347,0.9652807,0.964300036,0.9661832,0.9666257,0.966359,0.965113044,0.9654478,0.96697557,0.9649859,0.965102553,0.9652388,0.9655084,0.967164636,0.964399934,0.9640586,0.965025246,0.9661692,0.966999531,0.964223,0.9661662,0.9654497,0.9665481,0.966703832,0.9653865,0.96496594,0.96637,0.9652955,0.9660618,0.966202,0.9645655,0.9672055,0.96379143,0.964926958,0.9649026,0.965269,0.965052843,0.966469646,0.9654481,0.9649492,0.966789663,0.9630972,0.9664193,0.965914,0.966312051,0.967277646,0.9662191,0.9648054,0.9663831,0.9663035,0.965549052,0.9637948,0.9650721,0.9653614,0.964344859,0.96592164,0.9660578,0.964445949,0.9658,0.9639949,0.965378761,0.966725945,0.966401041,0.9654989,0.965876758,0.964682043,0.965606451,0.964501143,0.9670099,0.965783656,0.9643904,0.9669042,0.965375245,0.965708137,0.9640184,0.9644842,0.9665952,0.9657163,0.964959,0.9663801,0.9678187,0.9656454,0.9654911,0.9667656,0.965018451],"averageVisibility":[0.989100337,0.987817466,0.9855065,0.988092542,0.988880038,0.9866491,0.988515854,0.9880336,0.987470448,0.9913988,0.9876479,0.990615,0.990221858,0.9870304,0.985650837,0.988308251,0.987432659,0.9894046,0.992664754,0.9884315,0.988202751,0.987034142,0.9905438,0.992931247,0.9905858,0.989552736,0.988046169,0.9898028,0.9929357,0.9877625,0.98979,0.988033533,0.987987,0.9899933,0.989578664,0.987225235,0.986695766,0.9934268,0.992038,0.9884571,0.988151252,0.99011153,0.9896758,0.989011347,0.989773154,0.9892862,0.989913,0.9873475,0.990340233,0.988207042,0.988269746,0.9885197,0.991618931,0.99291,0.9894513,0.990298,0.987343132,0.9907765,0.990586,0.9924318,0.9911361,0.989582241,0.989155233,0.988706768,0.9911319,0.990793347,0.9893116,0.989578247,0.9913774,0.991970241,0.992575943,0.99187696,0.987301469,0.987906337,0.988824964,0.9879194,0.989231467,0.9876949,0.9889562,0.988461,0.987982154,0.9897856,0.9881729,0.991051733,0.988808036,0.9881812,0.9910982,0.98929435,0.9897817,0.9893751,0.988643348,0.989849031,0.989104569,0.9875465,0.9879826,0.9914664,0.9893885,0.988719165,0.9900694,0.992024958],"generations":[5588,2862,3344,3650,5424,3469,5376,4748,2566,2830,2614,4110,3358,3063,4510,5985,4723,4131,3942,7917,3130,2851,2975,3022,2003,2741,2184,4795,6432,3867,4931,2140,5036,4664,3143,6640,2132,6837,6478,2477,4223,5317,1651,3269,2211,3320,6404,3635,1949,5246,2530,3692,3950,3156,3327,5599,1873,5947,7539,4624,6210,5863,2198,4548,4004,4028,2016,2257,2375,3243,2378,5460,2293,4526,2168,3496,5389,3106,3672,4774,5587,3619,3451,4166,6112,2620,6781,2981,5623,2920,2211,4053,3663,4034,4214,4398,5021,3332,7599,3253],"standardDeviation":[]}