{"populationSize":250,"crossoverRate":80,"mutationRate":20,"elists":0,"bestVisibility":[0.996828735,0.995771646,0.9989429,0.9989429,0.996828735,0.9978858,0.995771646,0.9978858,0.9989429,0.9978858,0.9989429,0.9978858,0.996828735,0.9978858,0.9989429,0.994714558,0.9978858,0.9989429,0.9978858,0.996828735,0.996828735,0.996828735,0.996828735,0.9989429,0.9978858,0.9978858,0.996828735,0.9989429,0.9989429,0.9978858,0.995771646,0.9989429,0.9989429,0.9978858,0.995771646,0.996828735,0.996828735,1.0,0.9989429,0.9978858],"bestFitness":[0.970822752,0.9692684,0.973420739,0.9729069,0.9723637,0.970838249,0.971835136,0.9728922,0.970854044,0.970838249,0.9723933,0.971351266,0.970822752,0.970838249,0.9723933,0.9707927,0.9723784,0.97187984,0.973406434,0.970309734,0.970309734,0.970822752,0.9718498,0.971366763,0.9718647,0.9723784,0.970822752,0.970854044,0.9723933,0.9723784,0.9713212,0.9703415,0.97187984,0.971351266,0.971835136,0.9723637,0.970822752,0.971895337,0.9723933,0.97032547],"bestLocations":[53,55,50,51,50,54,50,50,55,54,52,53,53,54,52,51,51,53,49,54,54,53,51,54,52,51,53,55,52,51,51,56,53,53,50,50,53,54,52,55],"averageLocations":[59.824,58.964,55.008,54.828,55.148,54.924,54.78,53.608,57.264,58.132,56.116,56.24,57.508,57.408,57.896,58.608,53.496,55.264,53.548,57.368,57.704,56.62,57.584,57.564,55.532,55.476,57.584,55.836,58.944,56.668,57.168,60.996,57.124,58.7,57.656,54.176,57.28,56.496,58.388,56.968],"averageFitness":[0.963394165,0.9638503,0.9654595,0.9660365,0.965360641,0.965108,0.965551,0.967454851,0.96516633,0.9643582,0.965951145,0.9652195,0.964967966,0.964921832,0.9658729,0.964178562,0.965442538,0.966048658,0.967888832,0.9637779,0.962987959,0.9639912,0.9652101,0.9654228,0.96495223,0.966150165,0.96508497,0.9651872,0.966025949,0.9668044,0.964541733,0.9644285,0.9655764,0.965382755,0.964777768,0.9659179,0.965460658,0.9660339,0.9653965,0.96524024],"averageVisibility":[0.9889602,0.9889939,0.988160551,0.989129245,0.988106132,0.987370253,0.988110244,0.9907147,0.9898861,0.9891586,0.990279555,0.98894316,0.989738047,0.989543438,0.991944969,0.9892857,0.986575246,0.9896027,0.9915224,0.9872136,0.985979,0.9868753,0.9903005,0.9907068,0.9876826,0.990021646,0.990050852,0.988465369,0.993323445,0.992550135,0.9885374,0.9922282,0.990562737,0.9917896,0.98951,0.988224745,0.990491033,0.990833342,0.9914969,0.98973006],"generations":[2060,2506,6778,3569,3266,3066,4517,5672,2931,2970,5488,3501,2337,3749,3931,2571,5947,3052,7193,2827,3708,2958,3282,3638,4673,3543,3012,2934,5428,6306,6592,2755,4973,4075,3940,8135,3351,5192,4453,1916],"standardDeviation":[]}