{"populationSize":250,"crossoverRate":80,"mutationRate":20,"elists":0,"bestVisibility":[0.9968321,0.998944044,0.9957761,0.998944044,0.9968321,0.998944044,0.9968321,0.998944044,0.998944044,1.0,1.0,0.9978881,0.998944044,0.998944044,0.998944044,1.0,1.0,0.998944044,0.9978881,0.9978881,0.998944044,1.0,1.0,0.998944044,1.0,0.998944044,1.0,1.0,0.9978881,0.998944044,1.0,0.998944044,0.998944044,0.998944044,0.998944044,1.0,1.0,1.0,0.998944044,1.0,0.9968321,0.9978881,1.0,0.9978881,0.998944044,0.998944044,0.9968321,1.0,0.998944044,0.9978881,1.0,1.0,0.998944044,0.9957761,1.0,0.998944044,0.9968321,1.0,0.998944044,0.9978881],"bestFitness":[0.9703114,0.9723938,0.9708098,0.9729074,0.9703114,0.971880436,0.9713378,0.9723938,0.971367359,0.971895337,0.971382558,0.97443676,0.9698298,0.971367359,0.9723938,0.9724084,0.9739493,0.971367359,0.971352458,0.971352458,0.97445,0.9724084,0.9739493,0.971880436,0.971895337,0.971880436,0.9739493,0.9739493,0.9708394,0.971880436,0.9734354,0.9723938,0.9723938,0.973421335,0.973421335,0.9724084,0.9729218,0.9734354,0.973421335,0.9724084,0.971851468,0.972379446,0.9729218,0.972379446,0.971367359,0.9729074,0.9723654,0.971895337,0.9729074,0.972379446,0.974463463,0.9724084,0.973421335,0.9738958,0.9729218,0.974964738,0.973394036,0.9729218,0.9723938,0.971865833],"bestLocations":[54,52,52,51,54,53,52,52,54,54,55,47,57,54,52,53,50,54,53,53,48,53,50,53,54,53,50,50,54,53,51,52,52,50,50,53,52,51,50,53,51,51,52,51,54,51,50,54,51,51,49,53,50,46,52,47,48,52,52,52],"averageLocations":[56.888,56.028,57.528,56.04,58.42,58.464,56.924,57.56,59.648,58.36,58.536,52.38,58.488,59.372,57.212,57.012,54.928,58.54,56.26,55.112,53.228,55.94,55.62,56.56,58.448,57.776,55.976,56.212,57.432,58.368,56.936,54.396,57.584,54.072,56.676,58.72,55.808,55.28,55.7,56.424,56.38,56.016,56.14,57.02,59.204,55.384,56.168,56.692,54.916,54.208,53.772,55.948,55.576,52.108,55.624,54.484,52.508,55.98,59.084,54.596],"averageFitness":[0.9650055,0.965592,0.9648447,0.9662465,0.964713335,0.9651591,0.9653207,0.9658945,0.96462214,0.9660576,0.964354,0.9674498,0.964475334,0.9643236,0.965713739,0.965928257,0.96748203,0.9652706,0.9654436,0.965186357,0.9683836,0.9658925,0.9674855,0.966430247,0.965565443,0.9661328,0.9668676,0.9676109,0.9640845,0.964917362,0.9658956,0.9660276,0.9656144,0.966797233,0.9664147,0.965871155,0.966885,0.9664079,0.9669099,0.966377139,0.9657371,0.9659254,0.9661493,0.9662348,0.9645045,0.9661565,0.965679467,0.9656493,0.9661494,0.9658996,0.9674372,0.9654641,0.9667539,0.96655035,0.966105163,0.968187332,0.967551,0.9668111,0.96559006,0.9659667],"averageVisibility":[0.9891794,0.9894703,0.989512146,0.9907923,0.990163,0.991100669,0.989845932,0.9916451,0.9912359,0.9927903,0.9895631,0.989444852,0.9897572,0.990357459,0.990927637,0.9911511,0.9921229,0.991400361,0.9894111,0.9877218,0.992182553,0.9899812,0.992841065,0.991692066,0.991894543,0.992342532,0.9919711,0.9936983,0.9878944,0.990517735,0.9910075,0.98866725,0.991108656,0.989875555,0.9917806,0.9927861,0.9918316,0.9903361,0.9917725,0.991447,0.990120769,0.990124643,0.9906994,0.991772354,0.9905472,0.989939,0.989786863,0.990265131,0.9894448,0.98822,0.9908477,0.989132,0.991333067,0.9873663,0.9900824,0.993077636,0.989779055,0.991860569,0.99259603,0.988752067],"generations":[3080,2728,1843,4984,2392,5726,3126,4597,2411,3306,2597,5816,2780,2331,4482,2149,5589,4032,2151,3753,5061,3718,3419,4278,3439,2445,6974,5316,1667,3164,8736,3745,4215,7282,4094,3877,7575,5772,7401,3404,3512,3627,3201,3475,2530,4184,2638,4111,3069,3847,6418,5864,7066,6187,6132,6106,2792,5021,3133,2910],"standardDeviation":[]}