{"populationSize":250,"crossoverRate":50,"mutationRate":20,"elists":0,"bestVisibility":[0.997881353,0.9989407,0.996822059,0.997881353,0.9989407,0.9957627,0.9989407,0.9989407,0.9989407,0.997881353,0.996822059,0.9957627,0.9989407,0.9989407,0.9989407,0.9989407,0.9989407,0.9947034,0.997881353,0.9989407,0.9989407,0.9989407,0.9957627,1.0,0.9989407,0.9989407,0.9957627,0.996822059,1.0,0.9989407,0.996822059,0.9989407,0.996822059,0.997881353,0.996822059,0.996822059,0.992584765,0.997881353,0.9957627,0.997881353,0.9957627,0.9989407,0.9989407,0.997881353,0.9989407,0.993644059,0.9989407,0.997881353,0.997881353,0.9989407,0.9989407,0.997881353,0.996822059,0.9957627,1.0,0.9989407,0.9947034,0.9989407,0.9957627,0.997881353,0.997881353,1.0,0.997881353,0.9989407,0.9989407,0.9989407,0.9957627,0.997881353,0.997881353,0.996822059,0.997881353,0.9957627,0.996822059,0.997881353,0.9957627,0.997881353,0.9989407,0.997881353,0.996822059,0.996822059,0.997881353,0.997881353,0.9989407,0.997881353,0.9989407,0.997881353,0.997881353,0.997881353,0.9947034,0.997881353,0.997881353,0.996822059,0.9989407,0.997881353,0.996822059,0.9989407,0.997881353,0.997881353,0.997881353,0.997881353],"bestFitness":[0.971349061,0.973419666,0.9728745,0.971862435,0.972905755,0.971830666,0.972392142,0.973419666,0.9744483,0.9723761,0.9728745,0.970803142,0.9744483,0.972392142,0.9744483,0.972392142,0.973419666,0.972844362,0.973404169,0.972905755,0.973419666,0.971878767,0.9728593,0.971895337,0.972905755,0.971878767,0.971830666,0.9713328,0.974463463,0.9713657,0.9723604,0.971878767,0.9739037,0.97289,0.973389,0.971846461,0.9697278,0.9703232,0.9723449,0.973404169,0.973374,0.973419666,0.973419666,0.971349061,0.973419666,0.9707713,0.9739338,0.9723761,0.9723761,0.972905755,0.973419666,0.973404169,0.9713328,0.9723449,0.9729218,0.9744483,0.9718152,0.972905755,0.970803142,0.971862435,0.973404169,0.971382558,0.9739187,0.974963069,0.972905755,0.972905755,0.974404335,0.97289,0.971862435,0.9713328,0.9723761,0.970803142,0.9739037,0.9723761,0.9728593,0.973404169,0.972392142,0.9739187,0.974934042,0.9739037,0.971862435,0.973404169,0.973419666,0.973404169,0.971878767,0.973404169,0.9723761,0.9739187,0.971301,0.97289,0.97289,0.9713328,0.972905755,0.9739187,0.974418759,0.972905755,0.97289,0.973404169,0.97289,0.9723761],"bestLocations":[53,50,49,52,51,50,52,50,48,51,49,52,48,52,48,52,50,47,49,51,50,53,48,54,51,53,50,52,49,54,50,53,47,50,48,51,51,55,49,49,47,50,50,53,50,50,49,51,51,51,50,49,52,49,52,48,49,51,52,52,49,55,48,47,51,51,45,50,52,52,51,52,47,51,48,49,52,48,45,47,52,49,50,49,53,49,51,48,50,50,50,52,51,48,46,51,50,49,50,51],"averageLocations":[56.504,56.104,57.536,57.476,56.82,58.452,57.644,54.648,53.308,57.016,53.788,55.816,56.924,56.896,54.352,58.828,53.58,55.404,53.908,55.652,57.288,59.928,52.6,60.74,55.272,59.1,54.324,57.98,53.872,59.94,56.296,55.028,54.54,54.328,56.512,56.752,57.152,56.864,56.096,55.696,55.724,57.708,56.0,55.696,54.94,56.744,54.988,55.876,56.484,55.488,54.84,56.66,55.92,56.308,56.604,53.896,55.612,55.264,58.552,54.524,56.492,60.768,54.908,52.364,57.168,55.24,51.3,57.696,54.748,56.984,57.312,56.14,53.652,56.016,56.468,55.256,56.296,55.1,51.716,53.316,59.888,57.696,54.78,54.796,56.964,56.596,54.248,54.356,56.804,56.9,56.312,57.98,58.124,56.036,53.48,55.208,53.244,53.972,57.112,55.88],"averageFitness":[0.9658351,0.9662331,0.965611756,0.965330958,0.965915,0.9648417,0.966273069,0.966972768,0.967901349,0.9657486,0.9660711,0.965577662,0.9662347,0.9657573,0.966184437,0.965533435,0.967213333,0.9664369,0.966852665,0.967146754,0.965787947,0.964888,0.965997756,0.9657144,0.966613054,0.9648712,0.9657793,0.9646767,0.967534065,0.9637888,0.965961337,0.966989458,0.9671444,0.965734243,0.966138244,0.965390265,0.9630564,0.964639664,0.9664574,0.966954231,0.9667096,0.967263341,0.966104269,0.9655689,0.96739316,0.964953959,0.9667576,0.966550946,0.965867,0.96577996,0.966825664,0.96569854,0.9649482,0.965658545,0.9657677,0.967405,0.965356231,0.966366947,0.964144349,0.965357959,0.9666512,0.9644525,0.96674633,0.9674909,0.9647067,0.96614176,0.9676275,0.9656215,0.964875,0.964850068,0.9658476,0.9652313,0.9668418,0.965608358,0.9666286,0.96711427,0.9666221,0.966369867,0.9666471,0.9663085,0.9645866,0.96585,0.9666046,0.9665051,0.9658347,0.965451,0.9660406,0.9676584,0.9647663,0.9659789,0.965948641,0.9646579,0.9665883,0.9666892,0.967669547,0.9662368,0.9657842,0.9668514,0.9667085,0.96528],"averageVisibility":[0.990444362,0.990830362,0.991055131,0.9904321,0.9909277,0.990453243,0.9924867,0.990817845,0.9913005,0.9907964,0.988130748,0.9892251,0.991673052,0.9906902,0.9889359,0.992219865,0.990203,0.9905207,0.989817441,0.9921946,0.9911519,0.992054641,0.9867673,0.994538,0.9907373,0.991173565,0.9880972,0.989639461,0.991144,0.9898683,0.9904827,0.9912414,0.9910507,0.988012,0.9910587,0.9898095,0.9855506,0.9884237,0.9912709,0.9918557,0.9913933,0.9945338,0.9904656,0.989084542,0.9919573,0.9889278,0.9907369,0.9912324,0.9904871,0.9892919,0.99072,0.9903301,0.988072038,0.989890039,0.990410745,0.9909103,0.9885716,0.990237057,0.989161,0.9874622,0.992062867,0.9920423,0.9906313,0.9895083,0.9888684,0.9897625,0.9886905,0.991236866,0.986724854,0.988965631,0.99129647,0.98886466,0.989534259,0.9894911,0.991995454,0.9917241,0.991804659,0.990075946,0.9871566,0.9881232,0.991411269,0.9916946,0.9902159,0.990034044,0.990915239,0.98977077,0.9885425,0.991889536,0.9886143,0.991139352,0.990474343,0.989601433,0.9936101,0.99167347,0.991011858,0.989919364,0.98699975,0.9898815,0.992813647,0.9886946],"generations":[3379,6633,2903,3961,3134,2503,3338,4641,5773,3503,3216,2235,6272,3142,5739,2779,5850,3414,3734,4587,4250,2953,3049,4088,4426,4577,2523,3098,5294,3036,2599,4116,6545,3277,4637,3982,1955,2912,3476,3920,4751,3197,2950,4192,4209,2865,6405,2421,3861,5583,5372,3682,2961,5873,3921,5368,2148,5774,2591,2757,4272,3046,4207,8655,4384,4819,4999,3578,4831,3355,2899,3152,5305,4541,3802,5582,4193,3140,3589,8228,3797,5900,4340,4042,5326,4139,4004,5853,2588,6261,4877,3281,3623,6548,7136,5892,5240,3755,5271,5508],"standardDeviation":[]}