{"populationSize":250,"crossoverRate":40,"mutationRate":20,"elists":0,"bestVisibility":[0.9978858,0.9989429,0.995771646,0.9978858,0.996828735,0.9989429,0.994714558,0.996828735,0.995771646,0.995771646,0.9978858,0.996828735,0.994714558,0.9978858,0.9978858,0.995771646,0.9978858,0.994714558,0.995771646,0.9978858,0.994714558,0.9989429,0.9978858,0.9978858,0.9989429,0.996828735,0.994714558,0.996828735,0.996828735,0.9989429,0.9978858,0.995771646,0.996828735,0.995771646,0.9989429,0.9978858,0.996828735,0.995771646,0.9989429,0.996828735,0.996828735,0.9989429,0.9978858,0.995771646,0.995771646,0.995771646,0.996828735,0.996828735,0.995771646,0.996828735],"bestFitness":[0.973406434,0.973420739,0.970294237,0.973406434,0.973907053,0.9744494,0.9738803,0.9744221,0.9723493,0.971835136,0.9739209,0.97287786,0.973364949,0.9723784,0.9723784,0.973378539,0.9749506,0.9702791,0.970294237,0.970838249,0.9723352,0.9744494,0.9718647,0.9723784,0.970854044,0.97287786,0.971306562,0.973907053,0.973392367,0.971366763,0.9728922,0.9708076,0.9749374,0.9723493,0.973420739,0.970838249,0.9718498,0.9728638,0.973934948,0.9713361,0.9723637,0.973420739,0.9723784,0.9723493,0.973378539,0.9713212,0.9744221,0.97287786,0.9723493,0.9713361],"bestLocations":[49,50,53,49,47,48,45,46,49,50,48,49,46,51,51,47,46,52,53,54,48,48,52,51,55,49,50,47,48,54,50,52,45,49,50,54,51,48,49,52,50,50,51,49,47,51,46,49,49,52],"averageLocations":[56.864,54.488,58.4,55.092,55.4,54.364,52.716,53.604,57.36,56.88,51.62,53.308,55.836,57.172,57.38,52.824,50.568,54.508,58.2,55.976,52.944,54.98,56.272,59.432,59.988,54.728,58.028,53.764,55.028,58.66,56.464,57.328,53.22,52.044,57.356,58.384,58.452,54.912,54.328,62.728,53.852,56.216,54.844,55.784,51.52,55.356,51.688,54.344,55.016,56.36],"averageFitness":[0.966071248,0.9667392,0.9639465,0.9668989,0.9668021,0.9668769,0.9666547,0.966757059,0.965348,0.964916945,0.966493964,0.9673703,0.966957152,0.965885937,0.9648174,0.9665568,0.968751431,0.9645154,0.9648566,0.96558094,0.9661232,0.9662228,0.9651604,0.9657588,0.964793861,0.96632,0.964016557,0.966668963,0.9667091,0.965482,0.9667897,0.964725852,0.9667869,0.9667971,0.9648695,0.964016438,0.9647277,0.96610266,0.967013836,0.9637088,0.966076136,0.964994848,0.9653112,0.964812756,0.966784239,0.9637155,0.9681334,0.965290844,0.9653645,0.964746],"averageVisibility":[0.9912855,0.9901863,0.988609731,0.991125,0.991247,0.9903338,0.988199,0.98931545,0.990346432,0.9889937,0.9867527,0.990237057,0.9920038,0.991230845,0.989306748,0.9881143,0.990185857,0.9857592,0.990224361,0.9893952,0.9873699,0.9896576,0.988858461,0.993289351,0.991928458,0.9895946,0.988367856,0.989302456,0.9906805,0.991945,0.992313266,0.989070356,0.9889811,0.9877925,0.9893872,0.9887321,0.990224242,0.989349067,0.9905709,0.992558062,0.988207161,0.9884694,0.9876961,0.987661541,0.987230539,0.9850272,0.9901016,0.9871417,0.9879793,0.9881183],"generations":[4280,4839,2056,4020,5343,5763,5478,4122,3103,5787,4800,4695,4718,4509,3438,4040,4206,2094,1955,3530,3342,8663,2906,3922,2285,4967,3403,3395,3064,3338,4939,3289,8006,3744,5983,5423,3563,4767,4507,3156,2724,4266,4508,4274,2985,2811,7470,3958,3905,3314],"standardDeviation":[]}