{"populationSize":250,"crossoverRate":40,"mutationRate":20,"elists":0,"bestVisibility":[0.995771646,0.994714558,0.995771646,0.994714558,0.996828735,0.996828735,0.995771646,0.995771646,0.9978858,0.9978858,0.994714558,0.9989429,0.995771646,0.996828735,0.9978858,0.994714558,0.9936575,0.996828735,0.9978858,0.9978858],"bestFitness":[0.9713212,0.9707927,0.9728638,0.973364949,0.970309734,0.9723637,0.9713212,0.9723493,0.97032547,0.970838249,0.971306562,0.971366763,0.9728638,0.9718498,0.971351266,0.9702791,0.972321451,0.970822752,0.971351266,0.971351266],"bestLocations":[51,51,48,46,54,50,51,49,55,54,50,54,48,51,53,52,47,53,53,53],"averageLocations":[53.468,60.068,53.412,54.604,60.0,56.652,57.176,55.544,58.24,58.592,58.008,56.232,53.272,55.436,59.612,59.264,55.36,59.136,56.952,58.656],"averageFitness":[0.9642835,0.9637725,0.966054142,0.9660134,0.9645994,0.964338541,0.965043664,0.9647137,0.9642038,0.963932455,0.9648748,0.964350462,0.9649591,0.9658043,0.9642274,0.9634876,0.9653705,0.9640944,0.964848757,0.9635894],"averageVisibility":[0.984228551,0.9899667,0.9877121,0.9888543,0.991552234,0.9876026,0.9895528,0.9872177,0.9889602,0.988778,0.9900637,0.9871967,0.9853782,0.9892904,0.990410566,0.9885754,0.98834306,0.9896576,0.9889308,0.98815614],"generations":[4463,3712,4282,5856,2437,5254,3333,3422,2934,2118,2832,4247,5741,2868,1900,2497,5078,3814,2128,3522],"standardDeviation":[]}