{"populationSize":250,"crossoverRate":69,"mutationRate":20,"elists":0,"bestVisibility":[0.9873551,0.9894626,0.986301363,0.9831402,0.9873551,0.9894626,0.9873551,0.988408864,0.988408864,0.988408864,0.9894626,0.9894626,0.9894626,0.9873551,0.991570055,0.9873551,0.9894626,0.9852476,0.9852476,0.9873551,0.986301363,0.9905163,0.988408864,0.9894626,0.9894626,0.9905163,0.9926238,0.991570055,0.9894626,0.9873551,0.986301363,0.9905163,0.9873551,0.9894626,0.9873551,0.9873551,0.988408864,0.9873551,0.9894626,0.986301363,0.9894626,0.9905163,0.9894626,0.986301363,0.9894626,0.986301363,0.9894626,0.986301363,0.988408864,0.9873551,0.9873551,0.984193861,0.986301363,0.9873551,0.9873551,0.9852476,0.9852476,0.9894626,0.9905163,0.986301363,0.9820864,0.988408864,0.9873551,0.986301363,0.988408864,0.9852476,0.9873551,0.986301363,0.9894626,0.9894626,0.9873551,0.988408864,0.9852476,0.9894626,0.9905163,0.9873551,0.9905163,0.986301363,0.9894626,0.9873551,0.9873551,0.986301363,0.9873551,0.9894626,0.9873551,0.9905163,0.988408864,0.988408864,0.9873551,0.988408864],"bestFitness":[0.9566181,0.960687637,0.960619867,0.9590393,0.96039,0.960687637,0.959633946,0.958651245,0.958651245,0.957145,0.958424568,0.9576718,0.9576718,0.959633946,0.9609862,0.958878756,0.959932446,0.9555643,0.9570706,0.96039,0.959107041,0.958198667,0.9609168,0.958424568,0.958424568,0.960459352,0.9607587,0.960231841,0.9591781,0.958878756,0.959107041,0.9566956,0.9573708,0.958424568,0.9581244,0.9573708,0.958651245,0.958878756,0.961443663,0.9575975,0.9591781,0.960459352,0.9576718,0.959107041,0.959932446,0.959107041,0.961443663,0.9575975,0.9601608,0.958878756,0.959633946,0.956543744,0.959107041,0.9611467,0.959633946,0.957824945,0.959336162,0.955418468,0.959705,0.959107041,0.957755566,0.958651245,0.958878756,0.9575975,0.9601608,0.957824945,0.958878756,0.956844,0.9591781,0.9591781,0.9573708,0.9609168,0.958580136,0.9591781,0.9574467,0.9581244,0.9566956,0.956091166,0.9591781,0.9611467,0.958878756,0.959863067,0.9581244,0.9591781,0.96039,0.960459352,0.957897663,0.958651245,0.955115,0.957145],"bestLocations":[48,44,42,42,43,44,44,46,46,48,47,48,48,44,45,45,45,48,46,43,44,48,43,47,47,45,46,46,46,45,44,50,47,47,46,47,46,45,43,46,46,45,48,44,45,44,43,46,44,45,44,46,44,42,44,45,43,51,46,44,43,46,45,46,44,45,45,47,46,46,47,43,44,46,49,46,50,48,46,42,45,43,46,46,43,45,47,46,50,48],"averageLocations":[51.328,51.428,46.992,47.54,50.24,48.904,48.084,50.548,49.916,51.396,51.868,52.584,50.232,48.284,48.428,51.616,49.62,52.752,52.444,49.336,48.352,52.3,49.34,51.62,49.908,48.308,47.728,49.66,49.988,51.776,48.696,53.496,50.6,51.74,50.22,51.056,49.384,48.816,47.052,50.336,47.512,50.108,52.54,51.592,51.556,47.892,47.648,48.42,48.476,49.02,49.456,50.744,49.084,47.28,49.9,50.608,50.284,52.408,48.196,47.796,49.452,50.636,48.28,46.928,46.564,50.536,49.776,51.368,51.204,49.82,52.84,48.152,51.076,49.364,51.224,50.128,54.348,52.188,51.212,47.452,50.652,49.576,51.076,50.1,48.812,49.656,51.348,50.384,54.324,53.272],"averageFitness":[0.948966146,0.9516139,0.9509765,0.9513165,0.9521526,0.9524613,0.9517038,0.949998,0.9488184,0.950364351,0.9497097,0.949087,0.949860752,0.9513842,0.9519968,0.9503727,0.9520874,0.9492353,0.9484533,0.9517855,0.9507227,0.9501464,0.9515878,0.9508786,0.9485534,0.950414,0.951950669,0.9520023,0.9512462,0.9498884,0.9513841,0.949237943,0.94827646,0.949637234,0.9496895,0.949439943,0.9505159,0.9500093,0.9515897,0.9493378,0.949889958,0.9512053,0.9493359,0.9494841,0.9515284,0.950123847,0.9530733,0.950335264,0.9514563,0.9509304,0.9510185,0.94879967,0.9510699,0.9512107,0.9499456,0.9486569,0.9501478,0.9476889,0.949956954,0.9500831,0.9492323,0.9500236,0.9500835,0.9504249,0.951628864,0.950386941,0.9512878,0.950282633,0.951221049,0.9509258,0.949258566,0.9528042,0.9491952,0.948928654,0.949815631,0.9495306,0.948576748,0.9475739,0.9501292,0.950801253,0.950370252,0.9507896,0.949820757,0.9507842,0.9510937,0.9518004,0.94974947,0.951002061,0.9478812,0.9490796],"averageVisibility":[0.977045059,0.982490838,0.974550247,0.9760548,0.9817869,0.9803961,0.9776481,0.97793895,0.9746301,0.979944646,0.9793426,0.9791695,0.9771884,0.977310836,0.978752255,0.9802909,0.980724931,0.9797178,0.977690041,0.979692042,0.9760887,0.980864167,0.9793048,0.9813065,0.974085867,0.9754058,0.977606237,0.9806154,0.9795957,0.9795618,0.9779304,0.980834246,0.974570751,0.97900486,0.976829946,0.9775849,0.977226138,0.9753595,0.975864768,0.976299465,0.973159,0.9796922,0.979599237,0.978473961,0.9825123,0.9741998,0.97973,0.9754179,0.977740645,0.9775086,0.9783391,0.9758357,0.9778844,0.9754518,0.9768597,0.9753465,0.9778416,0.9761094,0.974322557,0.973972857,0.9747608,0.9781198,0.974701464,0.9733485,0.975207865,0.978697,0.9793595,0.979738653,0.9813698,0.9787017,0.9798946,0.9799494,0.977125347,0.9740189,0.9785879,0.9763708,0.9807836,0.97554934,0.979199231,0.974891365,0.978841245,0.9780605,0.978377342,0.9788408,0.977521539,0.98020184,0.9786427,0.979700565,0.9793593,0.980185151],"generations":[2393,2630,7421,3300,7626,3949,3333,3263,3723,3872,4770,4893,2895,4249,4499,5272,5252,1972,3469,10000,5859,2566,6052,5600,3468,6584,5085,8630,4510,3442,3519,3598,3180,3065,3650,2455,3266,5074,8111,2174,4144,5498,3516,4955,6299,5657,6257,5777,5650,6470,4285,3681,5031,7200,5458,2659,4153,2503,4610,4582,4005,4876,4074,4544,4399,4872,4204,3284,4975,5639,4015,4079,2883,3447,2291,4688,1946,2814,3627,9296,3190,5770,3283,4102,5007,8140,3279,5452,2725,3796],"standardDeviation":[]}