{"populationSize":250,"crossoverRate":69,"mutationRate":20,"elists":0,"bestVisibility":[0.9978903,0.9978903,0.9968355,0.9978903,1.0,0.9989452,0.9978903,0.9989452,0.9978903,1.0,0.9968355,0.9989452,0.9978903,0.9989452,0.9989452,0.9989452,0.9989452,1.0,1.0,0.9989452,0.9989452,0.9978903,0.9989452,1.0,1.0,0.9978903,1.0,0.9978903,1.0,0.9989452,0.9978903,0.9978903,0.9968355,0.9968355,1.0,0.9989452,1.0,1.0,0.9978903,0.9978903,0.9968355,0.9989452,0.9989452,0.9989452,0.9989452,0.9989452,0.9968355,1.0,1.0,0.9978903,1.0,1.0,0.9978903,0.9968355,1.0,1.0,0.9989452,1.0,1.0,1.0,1.0,0.9978903,0.9978903,0.9989452,1.0,0.9989452,0.9978903,1.0,1.0,0.9978903,0.9989452,0.9989452,1.0,1.0,0.9978903,1.0,0.9989452,0.9968355,0.9978903,1.0,0.9989452,0.9968355,0.9978903,0.9989452,0.9968355,0.9968355,1.0,0.9978903,0.9989452,1.0,0.9989452,0.9989452,0.9989452,0.9978903,0.9989452,1.0,1.0,0.9989452,0.9989452,0.9989452],"bestFitness":[0.97625047,0.973792434,0.974797368,0.97625047,0.9775163,0.977293849,0.974610865,0.9768834,0.97543025,0.9762863,0.9756176,0.9748345,0.9758403,0.9748345,0.976473153,0.9768834,0.9748345,0.9771061,0.9771061,0.977293849,0.9768834,0.9729749,0.977293849,0.9754674,0.9766961,0.9766609,0.9758767,0.9758403,0.9766961,0.977293849,0.975020468,0.9766609,0.976028,0.9743875,0.9754674,0.976473153,0.9766961,0.9758767,0.97420156,0.97625047,0.974797368,0.977293849,0.9752438,0.9748345,0.977293849,0.976473153,0.9756176,0.9758767,0.9762863,0.97625047,0.9775163,0.9771061,0.975020468,0.9756176,0.9762863,0.9754674,0.9752438,0.9771061,0.9762863,0.9758767,0.975058258,0.975020468,0.97625047,0.976473153,0.975058258,0.9748345,0.977482557,0.9762863,0.9758767,0.9758403,0.976473153,0.9785266,0.9766961,0.9771061,0.9758403,0.9771061,0.9760632,0.9756176,0.97543025,0.9758767,0.97565335,0.9743875,0.9758403,0.97565335,0.976028,0.9743875,0.9775163,0.9766609,0.9752438,0.9766961,0.976473153,0.9752438,0.9760632,0.9758403,0.9760632,0.9771061,0.977926731,0.976473153,0.9768834,0.976473153],"bestLocations":[54,60,56,54,54,53,58,54,56,57,54,59,55,59,55,54,59,55,55,53,54,62,53,59,56,53,58,55,56,53,57,53,53,57,59,55,56,58,59,54,56,53,58,59,53,55,54,58,57,54,54,55,57,54,57,59,58,55,57,58,60,57,54,55,60,59,51,57,58,55,55,50,56,55,55,55,56,54,56,58,57,57,55,57,53,57,54,53,58,56,55,58,56,55,56,55,53,55,54,55],"averageLocations":[58.524,66.18,63.632,62.04,60.86,59.856,65.22,58.236,63.716,60.352,60.136,62.068,61.212,63.32,59.896,59.936,62.54,58.028,59.208,58.356,59.944,63.716,57.72,61.468,63.056,59.172,61.628,61.54,57.3,60.216,64.5,58.216,60.448,61.38,62.924,61.852,59.748,62.6,65.94,60.564,61.8,57.668,63.676,62.376,57.848,61.268,58.576,61.364,61.304,63.64,58.572,59.948,62.12,60.3,62.14,63.352,63.956,58.904,59.924,62.968,62.388,61.912,61.004,60.756,63.912,65.072,57.568,60.836,61.66,60.716,59.024,56.604,61.42,59.972,61.848,59.608,62.26,60.64,61.916,59.06,61.3,63.16,57.264,61.52,61.388,63.764,56.272,60.276,64.464,61.492,61.16,59.804,59.048,60.776,61.268,61.564,59.28,60.668,59.968,58.324],"averageFitness":[0.970058143,0.968713,0.9692938,0.969418049,0.970497,0.9701988,0.968022048,0.969780743,0.9703879,0.9703833,0.969831,0.968586266,0.9695431,0.970279,0.969339252,0.9712019,0.9681173,0.9705445,0.9713779,0.970967054,0.9707328,0.9672069,0.9708786,0.9695952,0.9706002,0.9710562,0.9699124,0.970375955,0.969926059,0.9714768,0.9677632,0.9702397,0.9704811,0.9690009,0.970050752,0.9706464,0.9707591,0.971229434,0.9682845,0.9706309,0.9689428,0.97093004,0.9688277,0.9694957,0.971666336,0.970003664,0.9697757,0.969635,0.9698495,0.970234752,0.9712662,0.970412254,0.969037652,0.9684834,0.969728351,0.9695044,0.9701867,0.9698365,0.970161,0.969762,0.9679138,0.968579233,0.9698739,0.970590234,0.9684765,0.9691846,0.9717126,0.9708314,0.9700027,0.9697764,0.970055938,0.9711838,0.969695568,0.9708577,0.968766868,0.970652342,0.969817638,0.970248,0.9695922,0.9699272,0.9686494,0.968929648,0.9691104,0.9688575,0.9691775,0.9687284,0.9704815,0.9705183,0.969999433,0.970082,0.96978426,0.9690679,0.9699016,0.9702651,0.969991148,0.9708777,0.970239937,0.9701573,0.9715533,0.970471263],"averageVisibility":[0.990658,0.9936289,0.9928641,0.9919869,0.9929828,0.9918015,0.9918229,0.9900001,0.994746864,0.99244684,0.9913795,0.990620255,0.9916326,0.9942946,0.9903963,0.9935274,0.9901603,0.9911304,0.993324339,0.992058337,0.9927509,0.9894431,0.991476357,0.991894066,0.994649351,0.992763042,0.9925313,0.9932441,0.9896037,0.9941769,0.99090296,0.9907508,0.9926749,0.9908437,0.993644953,0.993907034,0.9926617,0.995387554,0.9927503,0.9930042,0.9910334,0.9915276,0.992117643,0.9923454,0.9928772,0.992438734,0.9902241,0.991889954,0.9922063,0.9944385,0.9927041,0.9922188,0.9914092,0.98924464,0.9925738,0.9930249,0.994573832,0.990548253,0.9917848,0.9931935,0.9897176,0.990502059,0.992042,0.993067265,0.9916917,0.9936619,0.992763,0.9935228,0.992704,0.9916834,0.990995347,0.991223156,0.9920289,0.9929786,0.990771949,0.992387652,0.9928056,0.9924172,0.992193639,0.9908056,0.990202,0.991936445,0.98821944,0.9907,0.9911433,0.9920123,0.989826441,0.9926199,0.994607151,0.9927213,0.991999567,0.989882052,0.9907553,0.992539644,0.992417455,0.9940972,0.9914764,0.992286563,0.9941341,0.991210341],"generations":[4251,2709,2404,3548,6426,4811,2855,3985,3468,3734,2414,3577,3490,2211,3898,2953,2191,7201,4286,5845,3739,1949,3917,2355,3164,4200,3343,2943,6788,6639,3676,2681,3505,2796,4572,3779,6015,4727,1806,3495,2133,3548,3371,2763,6101,3784,3097,3258,3126,4728,4858,3972,1848,2665,3741,2898,2656,2756,5070,3694,1567,2060,5088,4997,2713,2181,6285,2952,3116,4323,3673,5439,5185,4134,4969,5519,2930,4769,2481,2623,2830,2431,4306,1853,5810,2105,4864,3625,2897,4728,3725,2783,3966,4151,2870,4441,3962,3710,5144,4729],"standardDeviation":[]}