{"populationSize":250,"crossoverRate":69,"mutationRate":20,"elists":10,"bestVisibility":[1.0,1.0,1.0,1.0,1.0,1.0,1.0,1.0,1.0,1.0,1.0,1.0,1.0,1.0,1.0,1.0,1.0,1.0,1.0,1.0,1.0,1.0,1.0,1.0,1.0,1.0,1.0,1.0,1.0,1.0,1.0,1.0,1.0,1.0,1.0,1.0,1.0,1.0,1.0,1.0,1.0,1.0,1.0,1.0,1.0,1.0,1.0,1.0,1.0,1.0,1.0,1.0,1.0,1.0,1.0,1.0,1.0,1.0,1.0,1.0,1.0,1.0,1.0,1.0,1.0,1.0,1.0,1.0,1.0,1.0,1.0,1.0,1.0,1.0,1.0,1.0,1.0,1.0,1.0,1.0,1.0,1.0,1.0,1.0,1.0,1.0,1.0,1.0,1.0,1.0,1.0,1.0,1.0,1.0,1.0,1.0,1.0,1.0,1.0,1.0,1.0,1.0,1.0,1.0,1.0,1.0,1.0,1.0,1.0,1.0,1.0,1.0,1.0,1.0,1.0,1.0,1.0,1.0,1.0,1.0],"bestFitness":[0.9729218,0.971382558,0.97087,0.971895337,0.9724084,0.9724084,0.9729218,0.971895337,0.9703578,0.9734354,0.971382558,0.971382558,0.971895337,0.971895337,0.9698459,0.9724084,0.97087,0.971895337,0.9724084,0.9729218,0.9724084,0.971382558,0.9698459,0.968822837,0.9693342,0.97087,0.971895337,0.971895337,0.971895337,0.9698459,0.9724084,0.9734354,0.9698459,0.97087,0.9729218,0.97087,0.971382558,0.9729218,0.971895337,0.9729218,0.971382558,0.9724084,0.971382558,0.9729218,0.9703578,0.9724084,0.9703578,0.9693342,0.9734354,0.9729218,0.971382558,0.97087,0.9724084,0.9724084,0.968822837,0.971895337,0.9724084,0.971895337,0.971382558,0.971382558,0.9724084,0.9729218,0.9693342,0.97087,0.9724084,0.9698459,0.9724084,0.97087,0.9734354,0.9703578,0.9703578,0.974463463,0.9703578,0.971895337,0.971895337,0.9724084,0.9729218,0.9724084,0.97087,0.9698459,0.97087,0.971382558,0.971895337,0.9724084,0.971895337,0.9739493,0.971895337,0.9703578,0.9724084,0.971895337,0.9724084,0.971382558,0.97087,0.9698459,0.968822837,0.971895337,0.97087,0.9729218,0.971895337,0.971895337,0.971895337,0.9734354,0.9703578,0.97087,0.9703578,0.9698459,0.9703578,0.971382558,0.971382558,0.9703578,0.9729218,0.9739493,0.971895337,0.9703578,0.971382558,0.9703578,0.97087,0.971895337,0.9729218,0.971895337],"bestLocations":[52,55,56,54,53,53,52,54,57,51,55,55,54,54,58,53,56,54,53,52,53,55,58,60,59,56,54,54,54,58,53,51,58,56,52,56,55,52,54,52,55,53,55,52,57,53,57,59,51,52,55,56,53,53,60,54,53,54,55,55,53,52,59,56,53,58,53,56,51,57,57,49,57,54,54,53,52,53,56,58,56,55,54,53,54,50,54,57,53,54,53,55,56,58,60,54,56,52,54,54,54,51,57,56,57,58,57,55,55,57,52,50,54,57,55,57,56,54,52,54],"averageLocations":[52.556,55.852,56.604,54.844,53.512,53.704,52.696,54.812,57.82,51.756,55.8,55.896,54.684,54.772,58.924,53.608,56.472,54.536,53.668,52.864,53.64,56.576,58.992,60.728,59.884,56.576,54.556,54.76,54.876,58.66,53.472,51.816,58.688,56.6,53.344,56.9,55.62,52.908,54.836,52.46,56.152,53.572,55.68,53.012,57.828,54.104,57.82,59.488,51.632,52.68,55.516,56.728,53.884,53.552,60.4,54.672,53.696,54.648,55.676,55.688,53.664,53.072,59.592,56.696,53.796,58.6,53.688,56.7,51.592,57.544,57.692,49.972,57.688,54.752,54.736,53.532,52.58,53.612,56.736,58.704,56.76,55.724,54.864,53.364,54.608,50.896,54.816,57.596,53.872,54.952,53.772,55.94,56.632,58.912,60.588,54.716,56.868,53.036,54.756,54.728,54.944,51.888,57.708,56.6,57.568,58.488,57.552,55.872,55.928,57.668,52.636,50.628,54.38,57.828,55.672,57.7,56.316,54.744,52.688,54.784],"averageFitness":[0.969485164,0.968558848,0.9682582,0.9695332,0.9693232,0.969008744,0.9699983,0.969248652,0.967726231,0.970666468,0.968953848,0.9683257,0.9690888,0.968876541,0.96740824,0.9698572,0.968444765,0.9694729,0.9695654,0.9704048,0.969678,0.9678719,0.96720165,0.966710448,0.9671632,0.967652857,0.9690294,0.969397664,0.9690524,0.9673841,0.96967864,0.9706465,0.967454851,0.9680567,0.970124,0.9685703,0.968940556,0.9702331,0.968856454,0.9697803,0.9687863,0.9695114,0.968848348,0.9697471,0.9681279,0.969963431,0.967940748,0.9671727,0.9706175,0.96987325,0.9690276,0.968447268,0.969499946,0.969671369,0.966526,0.969112158,0.9691019,0.9691793,0.968860745,0.9684173,0.9694239,0.970062,0.9666989,0.968107164,0.9696547,0.967698932,0.9695094,0.968319535,0.9702968,0.967436731,0.968187034,0.9712494,0.9682012,0.969881356,0.9689627,0.96922,0.9699775,0.969565332,0.9683369,0.9671158,0.9680428,0.9686771,0.9688954,0.969914734,0.9691789,0.9702613,0.9690261,0.967468,0.9699272,0.9695352,0.9690563,0.968718946,0.9677369,0.9670644,0.966611743,0.969530761,0.968491435,0.9702122,0.969166934,0.969457448,0.969454,0.9702425,0.9675888,0.968822,0.967836261,0.9674341,0.9675221,0.968927562,0.9687359,0.9678128,0.969516,0.9709864,0.9691156,0.9680258,0.9686189,0.9681147,0.967801332,0.969396,0.9700024,0.969124734],"averageVisibility":[0.9936981,0.995225668,0.995395064,0.996141434,0.9943557,0.993923,0.994868457,0.9955395,0.9955767,0.9952377,0.995963,0.9948054,0.9950893,0.994754553,0.996069551,0.995522,0.99563247,0.9957046,0.9950006,0.9958527,0.9951958,0.9945932,0.9957258,0.996518731,0.996561348,0.994156241,0.9948391,0.9957855,0.9952123,0.995751143,0.995026,0.9952591,0.995921433,0.9949877,0.9957847,0.9963237,0.9957511,0.995556,0.994779944,0.994190335,0.9959886,0.9947924,0.995627642,0.994690359,0.9963876,0.9962431,0.996005535,0.9961754,0.995013237,0.9946017,0.9958191,0.995899856,0.99508965,0.995093167,0.995814741,0.995123744,0.994101346,0.9952336,0.9956494,0.994775236,0.994712,0.9953819,0.9953354,0.9951869,0.995309949,0.9963197,0.994907141,0.9956156,0.99433,0.994716,0.9963661,0.9945721,0.9963917,0.9967441,0.994889855,0.9941689,0.994708,0.9949412,0.995687544,0.9952594,0.995123446,0.9953314,0.9948858,0.9953865,0.9951918,0.9935459,0.995098,0.994830847,0.9959338,0.9962564,0.994088352,0.995636463,0.994380832,0.9953693,0.9961792,0.996005654,0.9961329,0.995645046,0.995318353,0.995869935,0.9960864,0.994525135,0.9951875,0.9965192,0.9955393,0.9956751,0.994893968,0.9959842,0.995657861,0.9955943,0.9938425,0.99472034,0.9948306,0.9961834,0.995162,0.9962301,0.9941859,0.995763958,0.994869351,0.9952631],"generations":[3394,4441,3582,5008,10000,5812,7933,4021,2604,5810,4327,4413,2650,5455,1696,4773,5067,6401,3579,4519,5257,3113,3247,1616,3112,4699,5736,3887,4000,3844,3902,7643,2623,4875,6175,3485,1844,6424,4286,3591,5143,4571,4897,6429,4749,6446,2527,3575,4091,4004,2719,4048,4035,5842,1767,5274,5829,4933,1821,4481,5550,9982,2602,4390,2602,2221,5729,3560,3540,1978,2816,5082,2476,3871,5028,7785,7382,5087,3168,2763,6107,6252,5016,2660,3589,6493,3717,2072,5276,3558,3460,2966,1972,2258,2722,4228,3614,8641,7128,2615,3585,6459,4378,4084,2303,2221,3541,3960,3471,3613,6758,7013,5304,3986,4798,2442,3831,3766,3425,5276],"standardDeviation":[]}