{"populationSize":250,"crossoverRate":60,"mutationRate":20,"elists":0,"bestVisibility":[0.998944044,0.9978881,0.998944044,0.9957761,0.9957761,1.0,0.9978881,0.998944044,0.998944044,0.998944044,1.0,0.998944044,0.998944044,1.0,0.998944044,1.0,0.998944044,0.9978881,0.9978881,0.9978881,0.998944044,0.998944044,0.998944044,0.998944044,0.9978881,0.9968321,0.998944044,0.998944044,0.9968321,0.998944044,0.998944044,0.998944044,0.9968321,0.9968321,0.998944044,1.0,0.9978881,1.0,0.998944044,0.9968321,0.9968321,0.9978881,0.998944044,0.998944044,0.998944044,0.9978881,0.9978881,0.9978881,0.9978881,0.9978881,0.9978881,0.9957761,0.9957761,0.998944044,0.9968321,0.9978881,1.0,0.998944044,0.998944044,1.0,0.998944044,0.994720161,0.998944044,0.9978881,0.9968321,0.9978881,0.9978881,0.998944044,0.998944044,1.0,0.9957761,0.9978881,0.9978881,1.0,0.998944044,0.9978881,0.9957761,0.9978881,0.9978881,0.998944044,0.994720161,0.9978881,0.998944044,0.9968321,0.9978881,0.998944044,1.0,0.998944044,0.998944044,0.9978881,0.998944044,0.9978881,0.998944044,0.998944044,0.9978881,0.998944044,0.998944044,0.998944044,0.9978881,0.9968321],"bestFitness":[0.9688062,0.971352458,0.9698298,0.9687581,0.9713235,0.968822837,0.969814062,0.97034204,0.97034204,0.9693179,0.968822837,0.9698298,0.971367359,0.9698459,0.9698298,0.968822837,0.9693179,0.969814062,0.9703266,0.969814062,0.9672729,0.9698298,0.971367359,0.9729074,0.9693018,0.968773842,0.971367359,0.9693179,0.9708244,0.9677837,0.9698298,0.971367359,0.9692861,0.9703114,0.9708546,0.971895337,0.9682782,0.9693342,0.9693179,0.9713378,0.968773842,0.9693018,0.97034204,0.9723938,0.9693179,0.9682782,0.9703266,0.968789935,0.968789935,0.9703266,0.9682782,0.9708098,0.9697834,0.97034204,0.968773842,0.9677669,0.971895337,0.9708546,0.971367359,0.9693342,0.9693179,0.970281839,0.9698298,0.9693018,0.968773842,0.9693018,0.968789935,0.97034204,0.9693179,0.971382558,0.9692706,0.969814062,0.9693018,0.9703578,0.9677837,0.9682782,0.9697834,0.9677669,0.9708394,0.97034204,0.969768465,0.971865833,0.971367359,0.9692861,0.9703266,0.97034204,0.971895337,0.97034204,0.9688062,0.9682782,0.968294859,0.968789935,0.9698298,0.968294859,0.971352458,0.9698298,0.97034204,0.9698298,0.971352458,0.9708244],"bestLocations":[59,53,57,56,51,60,56,56,56,58,60,57,54,58,57,60,58,56,55,56,62,57,54,51,57,57,54,58,53,61,57,54,56,54,55,54,59,59,58,52,57,57,56,52,58,59,55,58,58,55,59,52,54,56,57,60,54,55,54,59,58,52,57,57,57,57,58,56,58,55,55,56,57,57,61,59,54,60,54,56,53,52,54,56,55,56,54,56,59,59,60,58,57,60,53,57,56,57,53,53],"averageLocations":[61.684,55.564,59.084,59.72,52.252,59.4,58.944,55.68,58.616,59.64,60.992,58.828,57.456,59.484,59.316,61.168,61.432,59.14,57.428,59.012,62.664,58.536,56.672,55.964,58.94,59.792,56.888,60.936,57.64,61.756,59.176,56.468,60.216,58.128,57.348,56.828,60.06,60.52,61.204,56.556,59.272,62.68,58.664,55.124,59.924,59.724,57.276,61.592,60.652,59.32,62.32,56.464,57.212,57.864,60.708,59.548,55.772,58.52,56.408,59.46,58.492,57.048,58.752,57.744,61.196,59.648,59.98,59.304,60.936,58.444,59.724,57.756,57.416,56.716,62.32,59.652,57.784,61.156,55.836,60.392,57.6,56.936,57.94,58.868,57.22,59.276,54.248,58.756,60.96,61.36,60.104,60.124,61.448,61.812,57.184,59.12,57.144,60.424,54.188,57.5],"averageFitness":[0.9633887,0.965116262,0.964893,0.9630225,0.965343,0.96370095,0.9642868,0.9650195,0.9644904,0.9638207,0.9638629,0.964591,0.966224968,0.964460254,0.965092659,0.9642377,0.9633907,0.9647477,0.96487236,0.963779,0.9622149,0.964583933,0.964807749,0.9655997,0.964637339,0.964883,0.9661274,0.963384867,0.9649946,0.9629382,0.9639531,0.9660299,0.964263141,0.9639548,0.965199351,0.9656049,0.9633635,0.9643932,0.96386236,0.96615994,0.9641739,0.9631315,0.964520454,0.9659348,0.9636928,0.9632211,0.9647005,0.963317335,0.9639032,0.9647915,0.9632415,0.9649033,0.964170039,0.9648369,0.963864267,0.9629643,0.9653139,0.9654418,0.965222239,0.963531256,0.9642427,0.9642794,0.9639035,0.9642754,0.962738454,0.963603437,0.96370405,0.96546036,0.964620054,0.9655166,0.9637614,0.964634657,0.963700354,0.964922369,0.961796463,0.9629765,0.9644533,0.9637537,0.964184,0.9639053,0.9635088,0.966290832,0.965132236,0.96417135,0.964762,0.9649762,0.964820743,0.9651033,0.963507235,0.963516653,0.9632753,0.9642155,0.963906467,0.962816656,0.9659098,0.9647981,0.965237737,0.964070857,0.9654416,0.9645613],"averageVisibility":[0.9908514,0.9880428,0.991201758,0.9881102,0.985098839,0.9891407,0.989845932,0.987970769,0.989918232,0.989626646,0.991091967,0.9903365,0.992198467,0.9907459,0.99184,0.9920216,0.9905983,0.990969539,0.989465535,0.9888999,0.989503741,0.990023851,0.988562047,0.9894198,0.9905432,0.991907358,0.9914217,0.990078449,0.9899266,0.9900235,0.989415169,0.990796566,0.9911008,0.988346338,0.9900365,0.9903152,0.989140868,0.9916711,0.9913078,0.9911474,0.989956141,0.991354167,0.9900277,0.9892295,0.989660561,0.988511562,0.9889675,0.990614355,0.9908263,0.991239846,0.9912061,0.988541543,0.9878395,0.9898421,0.9908048,0.987818837,0.988650262,0.9917215,0.9891194,0.9888617,0.98929733,0.987890542,0.98888284,0.9885961,0.9890522,0.9891998,0.989740551,0.9925623,0.992549062,0.991793036,0.9895928,0.989326358,0.987109244,0.9888369,0.9883171,0.987949669,0.988993,0.99104166,0.986458361,0.990564167,0.986915,0.991797864,0.9905097,0.989538252,0.989030659,0.9915654,0.986103833,0.9912866,0.990349233,0.9907753,0.9890099,0.9909105,0.991645455,0.989837646,0.9912908,0.991049945,0.9899053,0.990927339,0.9872822,0.9889169],"generations":[3504,3545,2711,1789,6368,2737,2336,3081,2358,3328,2129,3314,3295,2881,4290,3769,5589,2865,3209,2974,2060,5427,3899,6294,1941,5634,4272,3326,5756,2954,3372,5611,2184,3249,3468,7645,3986,2854,4028,2950,2336,4862,2931,2900,3985,3437,3823,2512,2605,5751,4052,4875,1748,3019,2745,1900,5609,3204,4109,2990,2766,2278,5612,3234,4253,2521,3286,3995,3685,6825,2248,6310,3545,2822,3385,3321,2496,1766,2750,6383,5430,6193,6601,2514,4937,2954,4467,5430,4781,2894,1683,2483,4967,1732,4667,3767,2283,5898,3756,6246],"standardDeviation":[]}