{"populationSize":250,"crossoverRate":69,"mutationRate":20,"elists":20,"bestVisibility":[1.0,1.0,1.0,1.0,1.0,1.0,1.0,1.0,1.0,1.0,1.0,1.0,1.0,1.0,1.0,1.0,1.0,1.0,1.0,1.0,1.0,1.0,1.0,1.0,1.0,1.0,1.0,1.0,1.0,1.0,1.0,1.0,1.0,1.0,1.0,1.0,1.0,1.0,1.0,1.0,1.0,1.0,1.0,1.0,1.0,1.0,1.0,1.0,1.0,1.0],"bestFitness":[0.97087,0.9693342,0.966779947,0.9698459,0.9698459,0.9693342,0.967800856,0.9672903,0.9698459,0.9698459,0.9693342,0.9698459,0.9724084,0.97087,0.968822837,0.971895337,0.9703578,0.967800856,0.971382558,0.96626997,0.9672903,0.968822837,0.9698459,0.971895337,0.9698459,0.971895337,0.9703578,0.9693342,0.968822837,0.968822837,0.968822837,0.971382558,0.9703578,0.9703578,0.968311667,0.9693342,0.971382558,0.967800856,0.968822837,0.971382558,0.971382558,0.968822837,0.971895337,0.971382558,0.9693342,0.9703578,0.9698459,0.968311667,0.971382558,0.9698459],"bestLocations":[56,59,64,58,58,59,62,63,58,58,59,58,53,56,60,54,57,62,55,65,63,60,58,54,58,54,57,59,60,60,60,55,57,57,61,59,55,62,60,55,55,60,54,55,59,57,58,61,55,58],"averageLocations":[56.372,59.296,64.204,58.284,58.36,59.268,62.192,63.304,58.168,58.352,59.288,58.14,53.404,56.236,60.344,54.288,57.268,62.288,55.316,65.06,63.352,60.292,58.088,54.36,58.156,54.316,57.176,59.168,60.312,60.38,60.256,55.24,57.188,57.488,61.224,59.252,55.172,62.156,60.068,55.42,55.38,60.444,54.448,55.352,59.344,57.496,58.208,61.32,55.076,58.296],"averageFitness":[0.9692574,0.9672172,0.965241,0.9682512,0.9683815,0.9675003,0.9660649,0.9656737,0.9679447,0.9681803,0.967625,0.9678387,0.97047627,0.969071448,0.967225134,0.969893754,0.968648,0.9665972,0.9695566,0.964785,0.965918,0.9669172,0.9682431,0.969546139,0.9683017,0.969957769,0.968538463,0.96754694,0.9671291,0.967215,0.967297137,0.9694413,0.968749762,0.9686258,0.9666461,0.967302561,0.96950376,0.966167867,0.9672706,0.9689644,0.9692618,0.967082262,0.9693887,0.969316,0.9677512,0.968723059,0.9679919,0.966882348,0.9695425,0.9680611],"averageVisibility":[0.9971545,0.996067941,0.997129,0.997099161,0.9974374,0.99660486,0.9967222,0.9970782,0.99636817,0.9970274,0.9968749,0.9961268,0.9965498,0.9966429,0.997154534,0.996291935,0.9968539,0.9978853,0.996671855,0.997091,0.997614741,0.996486,0.9968835,0.9956701,0.9970697,0.9964478,0.996541262,0.9965966,0.996930063,0.9971712,0.9972093,0.996363461,0.996976435,0.9970361,0.9968964,0.9961941,0.9964182,0.996892035,0.996964037,0.995594263,0.996147931,0.9969722,0.995446265,0.996228039,0.997184,0.997238755,0.9965031,0.9974671,0.996397,0.9967312],"generations":[3115,3189,1325,4254,4015,7453,2307,1903,4056,7609,3120,4095,5318,3565,5344,8387,4017,2141,8864,1422,3697,1359,4166,5175,4943,5078,3538,4226,4500,4940,3098,4625,5052,3963,4780,3717,4391,1365,1775,4891,4129,3223,3793,3297,5982,4657,4818,1915,3430,4320],"standardDeviation":[]}