{"populationSize":250,"crossoverRate":69,"mutationRate":20,"elists":20,"bestVisibility":[1.0,1.0,1.0,1.0,1.0,1.0,1.0,1.0,1.0,1.0,1.0,1.0,1.0,1.0,1.0,1.0,1.0,1.0,1.0,1.0,1.0,1.0,1.0,1.0,1.0,1.0,1.0,1.0,1.0,1.0,1.0,1.0,1.0,1.0,1.0,1.0,1.0,1.0,1.0,1.0,1.0,1.0,1.0,1.0,1.0,1.0,1.0,1.0,1.0,1.0],"bestFitness":[0.9703578,0.967800856,0.968311667,0.9703578,0.968822837,0.9672903,0.9693342,0.968822837,0.968822837,0.968822837,0.97087,0.971382558,0.9703578,0.97087,0.968822837,0.97087,0.97087,0.97087,0.9698459,0.9703578,0.9698459,0.97087,0.968311667,0.9703578,0.971382558,0.9698459,0.968311667,0.968822837,0.9698459,0.968311667,0.97087,0.968822837,0.968822837,0.9703578,0.9703578,0.9703578,0.968822837,0.9729218,0.968311667,0.9703578,0.9693342,0.968311667,0.9672903,0.968311667,0.971382558,0.9698459,0.9693342,0.968822837,0.9703578,0.9698459],"bestLocations":[57,62,61,57,60,63,59,60,60,60,56,55,57,56,60,56,56,56,58,57,58,56,61,57,55,58,61,60,58,61,56,60,60,57,57,57,60,52,61,57,59,61,63,61,55,58,59,60,57,58],"averageLocations":[57.288,62.2,61.272,57.28,60.168,63.176,59.332,60.304,60.368,60.148,56.372,55.364,57.38,56.208,60.392,56.356,56.208,56.204,58.38,57.168,58.42,56.28,61.304,57.34,55.368,58.488,61.176,60.26,58.436,61.132,56.348,59.288,60.448,57.44,57.308,57.376,60.376,52.316,61.112,57.228,59.372,61.312,63.348,61.164,55.244,58.232,59.332,60.188,57.272,58.368],"averageFitness":[0.968500555,0.9663463,0.9669468,0.9681934,0.966817856,0.966268361,0.967521667,0.967002332,0.966707349,0.9668323,0.9688182,0.9689978,0.9683094,0.9684579,0.9671705,0.9690927,0.9686462,0.9687347,0.9678003,0.9681173,0.9679531,0.9687809,0.9667209,0.967949331,0.9696468,0.96792686,0.9670253,0.9672039,0.9682499,0.9665935,0.9689633,0.967121243,0.967158735,0.9681374,0.9686297,0.9683179,0.9671175,0.970121861,0.9667002,0.9686008,0.9676729,0.966917634,0.9657252,0.9666976,0.9692261,0.967816353,0.967748463,0.96718657,0.968391657,0.9677858],"averageVisibility":[0.996579,0.9972935,0.997547269,0.995957553,0.9961608,0.9981347,0.9967145,0.9966681,0.996144,0.996169269,0.99627465,0.995602667,0.9962918,0.995387137,0.99709487,0.996807337,0.995763063,0.9959366,0.9962957,0.9956913,0.9966427,0.996105254,0.997128844,0.9955306,0.99690485,0.9966597,0.9976063,0.99702704,0.997251332,0.9966976,0.9965413,0.995868742,0.9971282,0.996008635,0.996858239,0.996304333,0.996972263,0.9947229,0.996891856,0.99671936,0.997057438,0.997530341,0.9972261,0.9969386,0.9959368,0.9961775,0.997166753,0.9969176,0.9963463,0.9962535],"generations":[5738,1548,4634,4865,5478,3119,4046,4722,3990,2535,5502,5068,5180,6432,7129,5357,6396,5420,3353,8612,4722,4399,1510,4399,6640,6198,5079,2871,3781,3181,7767,3754,3289,3463,4070,3926,2855,8643,2106,9049,3066,1658,3956,2330,5291,4453,3571,2614,2830,8712],"standardDeviation":[]}