{"populationSize":250,"crossoverRate":69,"mutationRate":20,"elists":0,"bestVisibility":[0.915164351,0.933191955,0.954400837,0.9575822,0.938494146,0.956521749,0.9342524,0.9607635,0.9363733,0.9533404,0.9342524,0.94273597,0.939554632,0.909862161,0.9130435,0.9268293,0.9363733,0.9374337,0.96182394,0.9512195,0.9374337,0.925768852,0.939554632,0.932131469,0.946977735,0.9501591,0.9512195,0.9363733,0.956521749,0.9416755,0.9533404,0.9363733,0.9448568,0.921527,0.9586426,0.95228,0.938494146,0.9300106,0.95228,0.9575822,0.94273597,0.9130435,0.9448568,0.9448568,0.9607635,0.9512195,0.95228,0.95228,0.949098647,0.94273597,0.9554613,0.9671262,0.95228,0.96182394,0.9501591,0.9586426,0.911983,0.9374337,0.9681866,0.971367955,0.9554613,0.94273597,0.956521749,0.948038161,0.9300106,0.931071043,0.9183457,0.9459173,0.9554613,0.932131469,0.9437964,0.956521749,0.9268293,0.946977735,0.9342524,0.9363733,0.9353128,0.9650053,0.9671262,0.9141039,0.9597031,0.9225875,0.954400837,0.9586426,0.9141039,0.954400837,0.9342524,0.925768852,0.9268293,0.9374337,0.9607635,0.924708366,0.94273597,0.9363733,0.9586426,0.9628844,0.9437964,0.931071043,0.9363733,0.9501591,0.956521749,0.9183457,0.924708366,0.96182394,0.9363733,0.9278897,0.9671262,0.92364794,0.939554632,0.956521749,0.938494146,0.966065764,0.9194062,0.9130435,0.96182394,0.925768852,0.966065764,0.9225875,0.939554632,0.9597031,0.9013786,0.9374337,0.932131469,0.9448568,0.9278897,0.9597031,0.928950131,0.9278897,0.949098647,0.9554613],"bestFitness":[0.91068995,0.918197155,0.924296856,0.9154643,0.9163435,0.9109957,0.9132247,0.914591432,0.9152831,0.915814042,0.911232054,0.9119975,0.914878964,0.911564,0.9111386,0.9105111,0.9152831,0.9163127,0.9111943,0.9117897,0.9178126,0.91147995,0.9128885,0.9121642,0.9161031,0.909289241,0.9172311,0.9142851,0.916910052,0.9199335,0.91186446,0.9122925,0.910089,0.9184061,0.912547469,0.907893,0.912855446,0.9086137,0.911826968,0.912508845,0.9095228,0.9121461,0.918028355,0.917032,0.913116634,0.912282944,0.9202459,0.9108418,0.915178835,0.915971637,0.9124325,0.9167893,0.910349667,0.9161062,0.9152135,0.914515555,0.915150762,0.9153142,0.918303,0.909622669,0.911940336,0.914479136,0.9149341,0.9156404,0.9181131,0.9161337,0.9147972,0.9185586,0.911940336,0.918168843,0.9155066,0.9114871,0.9110105,0.922584653,0.915721655,0.9127903,0.910767555,0.9142556,0.9099361,0.9141896,0.9111141,0.9108901,0.9143672,0.914023161,0.9162112,0.917334437,0.9137235,0.909481764,0.9145142,0.9158133,0.915576,0.9134537,0.9124932,0.91378653,0.9100936,0.9127047,0.9145125,0.9076532,0.9122925,0.909781337,0.9198822,0.9132864,0.916971,0.912174463,0.917782962,0.9105422,0.9099361,0.9099195,0.9213785,0.9090332,0.91186136,0.909893632,0.906799555,0.916693449,0.909726262,0.911980152,0.914785862,0.912393332,0.916873753,0.9234599,0.9098485,0.910834551,0.9136616,0.9115722,0.9125403,0.9140612,0.917080343,0.914543033,0.916170657,0.9198483],"bestLocations":[91,94,103,124,103,132,105,129,103,119,109,116,107,84,88,103,103,102,137,125,99,100,111,105,112,129,114,105,120,99,127,109,122,82,131,134,110,110,126,130,121,86,106,108,132,124,109,128,116,108,128,131,129,127,117,127,79,104,129,150,129,111,124,114,91,96,86,106,129,93,110,131,102,99,100,108,111,134,145,83,135,98,123,128,79,117,104,104,95,103,127,95,115,106,136,135,112,113,109,128,114,89,88,135,98,104,145,101,94,136,112,144,103,77,140,99,134,95,103,110,79,113,102,119,100,129,92,96,114,113],"averageLocations":[109.756,141.632,173.588,106.3,133.692,117.956,143.696,129.748,138.572,134.576,211.512,158.072,127.352,171.412,129.736,135.44,115.876,131.916,130.208,181.504,120.2,154.492,138.232,135.628,143.672,161.168,102.376,136.5,163.5,146.348,132.924,119.016,155.148,132.084,159.536,222.596,142.776,205.428,167.516,138.7,163.9,133.528,150.556,113.412,136.112,161.572,125.0,151.248,158.88,164.6,131.836,123.268,146.636,148.916,157.844,150.324,208.876,164.208,125.848,145.84,144.24,142.372,142.14,187.116,120.948,139.128,144.824,165.616,131.208,128.572,154.088,177.9,175.248,114.328,121.268,118.948,127.832,149.476,150.304,140.0,143.524,106.404,139.648,173.832,145.528,114.508,153.16,164.568,104.416,166.456,131.728,150.568,149.04,151.636,164.5,147.372,147.676,120.328,125.964,155.6,129.06,132.94,136.16,122.324,103.236,122.192,151.584,152.012,162.676,146.908,158.732,180.192,142.416,132.268,189.588,167.092,151.912,127.608,132.052,154.468,164.38,132.928,112.08,174.488,193.588,195.98,183.324,134.604,167.06,150.804],"averageFitness":[0.857081234,0.8616162,0.870928764,0.8604452,0.8688328,0.8597694,0.8747303,0.875406444,0.8682864,0.867762,0.8730971,0.8680253,0.875287056,0.8708287,0.874611139,0.873631537,0.8594222,0.8723541,0.85551405,0.8700414,0.8687585,0.8658559,0.877813,0.867497444,0.8653047,0.8779237,0.862038434,0.8708467,0.8658838,0.8598443,0.8624013,0.8669386,0.864057839,0.8769811,0.857406139,0.8625551,0.871560633,0.8669576,0.8739613,0.8579483,0.882948041,0.862445056,0.8780427,0.8784411,0.8520761,0.8726702,0.872612655,0.8715801,0.8727555,0.8757651,0.8625409,0.8738279,0.855772734,0.875712752,0.8801478,0.86504066,0.8713549,0.8695785,0.865538955,0.8787086,0.871798,0.866051853,0.8538724,0.87300086,0.8496403,0.87476176,0.8800997,0.8869682,0.8746699,0.8651583,0.873720348,0.871378,0.8802995,0.875884235,0.856885552,0.849402666,0.8703389,0.8804329,0.870171,0.862682164,0.869066,0.8467591,0.8698601,0.8669281,0.8706393,0.8552258,0.878692,0.867045045,0.836359143,0.868777335,0.858802438,0.8695861,0.8775401,0.870713651,0.8743309,0.8734004,0.8742028,0.864755452,0.864170849,0.874142945,0.866217852,0.8746559,0.866446257,0.874801934,0.8535364,0.858714163,0.873940945,0.8616256,0.8679776,0.8770167,0.873631537,0.8678291,0.863739133,0.8485514,0.876307547,0.8711634,0.8827239,0.8689662,0.8752874,0.8792316,0.878950536,0.8660767,0.8717626,0.8764931,0.8719323,0.872901142,0.8695111,0.8738047,0.862781465,0.8790895],"averageVisibility":[0.826685369,0.8671858,0.9167373,0.8299686,0.873845339,0.8402032,0.895422757,0.883118,0.87753576,0.8725643,0.957056761,0.8959825,0.8805177,0.914455,0.881505966,0.8851451,0.8374462,0.8791435,0.843783259,0.9225488,0.8604028,0.888178,0.8962498,0.8730688,0.876560152,0.918782234,0.829247832,0.880623758,0.896949649,0.86824584,0.8602244,0.8555926,0.885226,0.8885643,0.876152456,0.9463369,0.888190567,0.939062238,0.916966736,0.85698384,0.9314695,0.8609032,0.9087287,0.873039365,0.8426978,0.908656538,0.8728482,0.8964788,0.906226158,0.917772532,0.8594267,0.873574,0.8603771,0.902484953,0.9200081,0.882503,0.951101065,0.905021369,0.8595419,0.905471146,0.890091658,0.87678057,0.8521943,0.933802545,0.8229064,0.891024053,0.907265663,0.9411538,0.883071,0.8614632,0.9035068,0.921768546,0.9370774,0.8688359,0.837709665,0.8204464,0.8710924,0.9124658,0.8927465,0.867719948,0.883931935,0.802707255,0.881730855,0.9089706,0.8890307,0.8276994,0.912563562,0.9003043,0.779915631,0.9055817,0.8518511,0.891825557,0.906256,0.8951217,0.914811552,0.8963471,0.8982522,0.8525258,0.8569201,0.90582794,0.8640634,0.8847465,0.8714912,0.8745917,0.8131042,0.8422859,0.901521862,0.8773105,0.9003381,0.9031294,0.9078337,0.9168648,0.8721823,0.831881464,0.9427824,0.9109643,0.9194143,0.868127048,0.885127664,0.9149089,0.9239316,0.8675799,0.858358264,0.9287294,0.937806845,0.94202745,0.923223436,0.8846831,0.894171357,0.911065638],"generations":[1967,1901,3488,2974,3371,3023,2573,3186,2669,3558,4048,3416,1568,3019,2840,2525,2098,2025,2967,3691,2113,4284,2344,2391,2507,3027,2000,2354,2851,4017,3380,1868,4440,2219,2497,4882,3037,2946,3418,3882,3112,1956,2303,2055,4297,2189,2165,4174,4063,2686,2599,4138,2491,2355,3301,2017,3288,3303,2489,2970,2823,4315,3212,3438,2296,3235,2177,3159,2317,3590,2242,3677,2637,2033,2370,1664,2205,4472,2720,2810,2197,1937,2567,2303,1926,2287,3235,3174,2116,2743,2876,3012,2051,2912,2416,2290,2465,2052,1908,3302,2888,2488,2897,2818,2177,2232,3045,3423,1898,3118,3019,3516,3596,2899,3241,2671,4237,2050,2032,2205,3433,3756,2394,2533,3857,2837,3698,2590,2943,4285],"standardDeviation":[]}